,artist,album_name,album_uri,track,release_date,danceability,energy,key,loudness,mode,speechiness,acousticness,instrumentalness,liveness,valence,tempo,type,id,song_uri,track_href,analysis_url,duration_ms,time_signature
0,Radiohead,KID A MNESIA,spotify:album:6ofEQubaL265rIW6WnCU8y,Everything In Its Right Place,2021-11-05,0.296,0.463,5,-11.412,0,0.0449,0.705,0.0482,0.0954,0.0629,123.943,audio_features,62dUmjtkYOUwYOALt6pefh,spotify:track:62dUmjtkYOUwYOALt6pefh,https://api.spotify.com/v1/tracks/62dUmjtkYOUwYOALt6pefh,https://api.spotify.com/v1/audio-analysis/62dUmjtkYOUwYOALt6pefh,251427,5
1,Radiohead,KID A MNESIA,spotify:album:6ofEQubaL265rIW6WnCU8y,Kid A,2021-11-05,0.63,0.428,5,-15.52,1,0.0358,0.262,0.852,0.278,0.159,112.923,audio_features,797AyTQcqoQgqWQ1Qz184Y,spotify:track:797AyTQcqoQgqWQ1Qz184Y,https://api.spotify.com/v1/tracks/797AyTQcqoQgqWQ1Qz184Y,https://api.spotify.com/v1/audio-analysis/797AyTQcqoQgqWQ1Qz184Y,284507,4
2,Radiohead,KID A MNESIA,spotify:album:6ofEQubaL265rIW6WnCU8y,The National Anthem,2021-11-05,0.488,0.754,2,-8.552,1,0.0378,0.00237,0.851,0.224,0.388,91.517,audio_features,02FcgoInOjsdFT8YdAUMwu,spotify:track:02FcgoInOjsdFT8YdAUMwu,https://api.spotify.com/v1/tracks/02FcgoInOjsdFT8YdAUMwu,https://api.spotify.com/v1/audio-analysis/02FcgoInOjsdFT8YdAUMwu,351693,4
3,Radiohead,KID A MNESIA,spotify:album:6ofEQubaL265rIW6WnCU8y,How to Disappear Completely,2021-11-05,0.167,0.302,6,-11.644,0,0.0345,0.316,0.797,0.11,0.19,102.026,audio_features,7hFmiFUYmIjELj5d0UjbVh,spotify:track:7hFmiFUYmIjELj5d0UjbVh,https://api.spotify.com/v1/tracks/7hFmiFUYmIjELj5d0UjbVh,https://api.spotify.com/v1/audio-analysis/7hFmiFUYmIjELj5d0UjbVh,356333,4
4,Radiohead,KID A MNESIA,spotify:album:6ofEQubaL265rIW6WnCU8y,Treefingers,2021-11-05,0.165,0.146,6,-21.357,1,0.0362,0.827,0.887,0.109,0.0577,134.508,audio_features,0XGxvQj8dRhGn41nvXIxN0,spotify:track:0XGxvQj8dRhGn41nvXIxN0,https://api.spotify.com/v1/tracks/0XGxvQj8dRhGn41nvXIxN0,https://api.spotify.com/v1/audio-analysis/0XGxvQj8dRhGn41nvXIxN0,222600,3
5,Radiohead,KID A MNESIA,spotify:album:6ofEQubaL265rIW6WnCU8y,Optimistic,2021-11-05,0.402,0.757,7,-9.931,0,0.0371,0.0496,0.846,0.305,0.573,157.96,audio_features,2NLpanao1S1XKsGpi1hOsT,spotify:track:2NLpanao1S1XKsGpi1hOsT,https://api.spotify.com/v1/tracks/2NLpanao1S1XKsGpi1hOsT,https://api.spotify.com/v1/audio-analysis/2NLpanao1S1XKsGpi1hOsT,315973,4
6,Radiohead,KID A MNESIA,spotify:album:6ofEQubaL265rIW6WnCU8y,In Limbo,2021-11-05,0.366,0.635,0,-10.544,1,0.032,0.675,0.819,0.135,0.509,88.949,audio_features,6rBZtu8XpzdZT83CEp4zVT,spotify:track:6rBZtu8XpzdZT83CEp4zVT,https://api.spotify.com/v1/tracks/6rBZtu8XpzdZT83CEp4zVT,https://api.spotify.com/v1/audio-analysis/6rBZtu8XpzdZT83CEp4zVT,211000,4
7,Radiohead,KID A MNESIA,spotify:album:6ofEQubaL265rIW6WnCU8y,Idioteque,2021-11-05,0.615,0.931,3,-7.8,1,0.273,0.0352,2.23e-05,0.0915,0.525,137.544,audio_features,7Kx2i89MjDBLaT6zwy6eM2,spotify:track:7Kx2i89MjDBLaT6zwy6eM2,https://api.spotify.com/v1/tracks/7Kx2i89MjDBLaT6zwy6eM2,https://api.spotify.com/v1/audio-analysis/7Kx2i89MjDBLaT6zwy6eM2,309093,3
8,Radiohead,KID A MNESIA,spotify:album:6ofEQubaL265rIW6WnCU8y,Morning Bell,2021-11-05,0.646,0.462,2,-12.124,1,0.0319,0.719,0.291,0.34,0.392,142.133,audio_features,7esSFXeHFfBhDBhamtT9Nh,spotify:track:7esSFXeHFfBhDBhamtT9Nh,https://api.spotify.com/v1/tracks/7esSFXeHFfBhDBhamtT9Nh,https://api.spotify.com/v1/audio-analysis/7esSFXeHFfBhDBhamtT9Nh,275800,5
9,Radiohead,KID A MNESIA,spotify:album:6ofEQubaL265rIW6WnCU8y,Motion Picture Soundtrack,2021-11-05,0.112,0.13,7,-16.128,1,0.0347,0.921,0.706,0.13,0.0427,90.835,audio_features,5RxiwMqRNyPYjJTobU65UT,spotify:track:5RxiwMqRNyPYjJTobU65UT,https://api.spotify.com/v1/tracks/5RxiwMqRNyPYjJTobU65UT,https://api.spotify.com/v1/audio-analysis/5RxiwMqRNyPYjJTobU65UT,200483,4
10,Radiohead,KID A MNESIA,spotify:album:6ofEQubaL265rIW6WnCU8y,Untitled,2021-11-05,0.369,0.225,7,-16.341,1,0.0654,0.992,0.813,0.106,0.0769,64.655,audio_features,5o0pk8K9JlJJXQjVzP5vSX,spotify:track:5o0pk8K9JlJJXQjVzP5vSX,https://api.spotify.com/v1/tracks/5o0pk8K9JlJJXQjVzP5vSX,https://api.spotify.com/v1/audio-analysis/5o0pk8K9JlJJXQjVzP5vSX,52695,3
11,Radiohead,KID A MNESIA,spotify:album:6ofEQubaL265rIW6WnCU8y,Packt Like Sardines In a Crushd Tin Box,2021-11-05,0.666,0.638,0,-12.715,1,0.0385,0.731,0.859,0.0933,0.65,124.618,audio_features,6B8qmIsuiiq2scZgUgmXfE,spotify:track:6B8qmIsuiiq2scZgUgmXfE,https://api.spotify.com/v1/tracks/6B8qmIsuiiq2scZgUgmXfE,https://api.spotify.com/v1/audio-analysis/6B8qmIsuiiq2scZgUgmXfE,240333,4
12,Radiohead,KID A MNESIA,spotify:album:6ofEQubaL265rIW6WnCU8y,Pyramid Song,2021-11-05,0.12,0.336,11,-8.298,0,0.0352,0.786,0.404,0.111,0.0679,72.64,audio_features,6odVNrn820IkdNB1zC3kii,spotify:track:6odVNrn820IkdNB1zC3kii,https://api.spotify.com/v1/tracks/6odVNrn820IkdNB1zC3kii,https://api.spotify.com/v1/audio-analysis/6odVNrn820IkdNB1zC3kii,288733,4
13,Radiohead,KID A MNESIA,spotify:album:6ofEQubaL265rIW6WnCU8y,Pulk/Pull Revolving Doors,2021-11-05,0.58,0.625,10,-12.073,0,0.0896,5.46e-05,0.725,0.1,0.141,97.044,audio_features,1daHnZE6OXklKTaix7BCdc,spotify:track:1daHnZE6OXklKTaix7BCdc,https://api.spotify.com/v1/tracks/1daHnZE6OXklKTaix7BCdc,https://api.spotify.com/v1/audio-analysis/1daHnZE6OXklKTaix7BCdc,247267,4
14,Radiohead,KID A MNESIA,spotify:album:6ofEQubaL265rIW6WnCU8y,You And Whose Army?,2021-11-05,0.295,0.15,1,-10.244,0,0.0325,0.794,0.205,0.103,0.131,137.504,audio_features,08QGvTyesyJiodOHSH2QsW,spotify:track:08QGvTyesyJiodOHSH2QsW,https://api.spotify.com/v1/tracks/08QGvTyesyJiodOHSH2QsW,https://api.spotify.com/v1/audio-analysis/08QGvTyesyJiodOHSH2QsW,191000,4
15,Radiohead,KID A MNESIA,spotify:album:6ofEQubaL265rIW6WnCU8y,I Might Be Wrong,2021-11-05,0.602,0.735,7,-8.321,0,0.0254,0.261,0.794,0.11,0.505,102.895,audio_features,3EXR2NUmkNPJQihjvMlLGb,spotify:track:3EXR2NUmkNPJQihjvMlLGb,https://api.spotify.com/v1/tracks/3EXR2NUmkNPJQihjvMlLGb,https://api.spotify.com/v1/audio-analysis/3EXR2NUmkNPJQihjvMlLGb,293773,4
16,Radiohead,KID A MNESIA,spotify:album:6ofEQubaL265rIW6WnCU8y,Knives Out,2021-11-05,0.432,0.675,2,-6.702,0,0.0337,0.091,0.287,0.159,0.184,137.262,audio_features,4RMds1EdYrghXxBA3pBJeb,spotify:track:4RMds1EdYrghXxBA3pBJeb,https://api.spotify.com/v1/tracks/4RMds1EdYrghXxBA3pBJeb,https://api.spotify.com/v1/audio-analysis/4RMds1EdYrghXxBA3pBJeb,254867,4
17,Radiohead,KID A MNESIA,spotify:album:6ofEQubaL265rIW6WnCU8y,Morning Bell/Amnesiac,2021-11-05,0.319,0.421,2,-6.23,1,0.0322,0.712,0.0495,0.0956,0.182,61.709,audio_features,5B8noxM4Nv71LPBujOjOYz,spotify:track:5B8noxM4Nv71LPBujOjOYz,https://api.spotify.com/v1/tracks/5B8noxM4Nv71LPBujOjOYz,https://api.spotify.com/v1/audio-analysis/5B8noxM4Nv71LPBujOjOYz,194267,4
18,Radiohead,KID A MNESIA,spotify:album:6ofEQubaL265rIW6WnCU8y,Dollars and Cents,2021-11-05,0.327,0.565,7,-7.303,1,0.0306,0.395,0.247,0.112,0.0883,138.308,audio_features,6EKBZ1eARNuk560JX7bbOD,spotify:track:6EKBZ1eARNuk560JX7bbOD,https://api.spotify.com/v1/tracks/6EKBZ1eARNuk560JX7bbOD,https://api.spotify.com/v1/audio-analysis/6EKBZ1eARNuk560JX7bbOD,291733,4
19,Radiohead,KID A MNESIA,spotify:album:6ofEQubaL265rIW6WnCU8y,Hunting Bears,2021-11-05,0.295,0.264,7,-12.203,1,0.0432,0.853,0.926,0.0962,0.0736,143.191,audio_features,3eJ7eToeq7dOkTziF5neAk,spotify:track:3eJ7eToeq7dOkTziF5neAk,https://api.spotify.com/v1/tracks/3eJ7eToeq7dOkTziF5neAk,https://api.spotify.com/v1/audio-analysis/3eJ7eToeq7dOkTziF5neAk,121200,3
20,Radiohead,KID A MNESIA,spotify:album:6ofEQubaL265rIW6WnCU8y,Like Spinning Plates,2021-11-05,0.492,0.409,1,-13.303,0,0.0646,0.711,0.906,0.23,0.218,138.472,audio_features,4KoyF1BiTEJ71EZxPVfMeZ,spotify:track:4KoyF1BiTEJ71EZxPVfMeZ,https://api.spotify.com/v1/tracks/4KoyF1BiTEJ71EZxPVfMeZ,https://api.spotify.com/v1/audio-analysis/4KoyF1BiTEJ71EZxPVfMeZ,237467,4
21,Radiohead,KID A MNESIA,spotify:album:6ofEQubaL265rIW6WnCU8y,Life In a Glasshouse,2021-11-05,0.252,0.397,7,-7.619,0,0.0364,0.728,0.0404,0.116,0.0466,123.924,audio_features,0qFTFL1V5nRMw4fmEodSYQ,spotify:track:0qFTFL1V5nRMw4fmEodSYQ,https://api.spotify.com/v1/tracks/0qFTFL1V5nRMw4fmEodSYQ,https://api.spotify.com/v1/audio-analysis/0qFTFL1V5nRMw4fmEodSYQ,276693,4
22,Radiohead,KID A MNESIA,spotify:album:6ofEQubaL265rIW6WnCU8y,Like Spinning Plates - 'Why Us?' Version,2021-11-05,0.268,0.536,1,-12.418,1,0.0584,0.819,0.643,0.28,0.204,137.038,audio_features,0GDeU5t1qHrcd191UOBAL1,spotify:track:0GDeU5t1qHrcd191UOBAL1,https://api.spotify.com/v1/tracks/0GDeU5t1qHrcd191UOBAL1,https://api.spotify.com/v1/audio-analysis/0GDeU5t1qHrcd191UOBAL1,304631,4
23,Radiohead,KID A MNESIA,spotify:album:6ofEQubaL265rIW6WnCU8y,Untitled v1,2021-11-05,0.349,0.131,5,-25.469,1,0.0497,0.985,0.548,0.123,0.127,111.268,audio_features,3UhVihR6uX7ODreSzgmjT3,spotify:track:3UhVihR6uX7ODreSzgmjT3,https://api.spotify.com/v1/tracks/3UhVihR6uX7ODreSzgmjT3,https://api.spotify.com/v1/audio-analysis/3UhVihR6uX7ODreSzgmjT3,108510,5
24,Radiohead,KID A MNESIA,spotify:album:6ofEQubaL265rIW6WnCU8y,Fog - Again Again Version,2021-11-05,0.41,0.392,7,-14.699,1,0.0344,0.893,0.947,0.119,0.0471,132.413,audio_features,7ioYcj2MKilwzLKO65Aw7H,spotify:track:7ioYcj2MKilwzLKO65Aw7H,https://api.spotify.com/v1/tracks/7ioYcj2MKilwzLKO65Aw7H,https://api.spotify.com/v1/audio-analysis/7ioYcj2MKilwzLKO65Aw7H,145443,3
25,Radiohead,KID A MNESIA,spotify:album:6ofEQubaL265rIW6WnCU8y,If You Say the Word,2021-11-05,0.548,0.527,5,-8.17,0,0.0282,0.0907,0.675,0.11,0.424,110.259,audio_features,0IW33PjCiwBKH4IGASRzrm,spotify:track:0IW33PjCiwBKH4IGASRzrm,https://api.spotify.com/v1/tracks/0IW33PjCiwBKH4IGASRzrm,https://api.spotify.com/v1/audio-analysis/0IW33PjCiwBKH4IGASRzrm,260733,4
26,Radiohead,KID A MNESIA,spotify:album:6ofEQubaL265rIW6WnCU8y,Follow Me Around,2021-11-05,0.611,0.4,2,-11.388,1,0.026,0.456,0.00137,0.0871,0.263,127.3,audio_features,4E6VIBxJdetyVUfQv2u360,spotify:track:4E6VIBxJdetyVUfQv2u360,https://api.spotify.com/v1/tracks/4E6VIBxJdetyVUfQv2u360,https://api.spotify.com/v1/audio-analysis/4E6VIBxJdetyVUfQv2u360,319288,4
27,Radiohead,KID A MNESIA,spotify:album:6ofEQubaL265rIW6WnCU8y,Pulk/Pull - True Love Waits Version,2021-11-05,0.506,0.517,0,-14.428,0,0.0364,5.11e-06,0.814,0.416,0.112,97.096,audio_features,3aodNsiXTJJxUyda1wKZeV,spotify:track:3aodNsiXTJJxUyda1wKZeV,https://api.spotify.com/v1/tracks/3aodNsiXTJJxUyda1wKZeV,https://api.spotify.com/v1/audio-analysis/3aodNsiXTJJxUyda1wKZeV,166166,3
28,Radiohead,KID A MNESIA,spotify:album:6ofEQubaL265rIW6WnCU8y,Untitled v2,2021-11-05,0.176,0.427,7,-18.949,0,0.0634,0.928,0.977,0.217,0.0328,100.084,audio_features,1lBISxqvaSesTdLXnAGFMG,spotify:track:1lBISxqvaSesTdLXnAGFMG,https://api.spotify.com/v1/tracks/1lBISxqvaSesTdLXnAGFMG,https://api.spotify.com/v1/audio-analysis/1lBISxqvaSesTdLXnAGFMG,46081,4
29,Radiohead,KID A MNESIA,spotify:album:6ofEQubaL265rIW6WnCU8y,The Morning Bell - In the Dark Version,2021-11-05,0.372,0.211,9,-17.681,1,0.0352,0.908,0.967,0.501,0.0933,61.64,audio_features,6JUI1QpdlmcjfCFY8r2C9F,spotify:track:6JUI1QpdlmcjfCFY8r2C9F,https://api.spotify.com/v1/tracks/6JUI1QpdlmcjfCFY8r2C9F,https://api.spotify.com/v1/audio-analysis/6JUI1QpdlmcjfCFY8r2C9F,120108,4
30,Radiohead,KID A MNESIA,spotify:album:6ofEQubaL265rIW6WnCU8y,Pyramid Strings,2021-11-05,0.149,0.216,6,-25.332,0,0.0415,0.936,0.704,0.613,0.166,79.268,audio_features,33qi2FS9vWhfNhATb657pt,spotify:track:33qi2FS9vWhfNhATb657pt,https://api.spotify.com/v1/tracks/33qi2FS9vWhfNhATb657pt,https://api.spotify.com/v1/audio-analysis/33qi2FS9vWhfNhATb657pt,78003,5
31,Radiohead,KID A MNESIA,spotify:album:6ofEQubaL265rIW6WnCU8y,Alt. Fast Track,2021-11-05,0.555,0.963,2,-10.099,1,0.0451,0.000425,0.849,0.48,0.646,103.441,audio_features,71GftVXyrKMMffWZA7v0eq,spotify:track:71GftVXyrKMMffWZA7v0eq,https://api.spotify.com/v1/tracks/71GftVXyrKMMffWZA7v0eq,https://api.spotify.com/v1/audio-analysis/71GftVXyrKMMffWZA7v0eq,92488,4
32,Radiohead,KID A MNESIA,spotify:album:6ofEQubaL265rIW6WnCU8y,Untitled v3,2021-11-05,0.276,0.193,11,-16.572,0,0.033,0.969,0.00942,0.286,0.0943,70.699,audio_features,1cjQymMOKQQNNx5x1dFcu5,spotify:track:1cjQymMOKQQNNx5x1dFcu5,https://api.spotify.com/v1/tracks/1cjQymMOKQQNNx5x1dFcu5,https://api.spotify.com/v1/audio-analysis/1cjQymMOKQQNNx5x1dFcu5,76519,5
33,Radiohead,KID A MNESIA,spotify:album:6ofEQubaL265rIW6WnCU8y,How to Disappear into Strings,2021-11-05,0.0688,0.181,11,-14.543,0,0.0433,0.847,0.902,0.0988,0.0283,76.696,audio_features,2ek0NaoFFgdpKjs7beIuTE,spotify:track:2ek0NaoFFgdpKjs7beIuTE,https://api.spotify.com/v1/tracks/2ek0NaoFFgdpKjs7beIuTE,https://api.spotify.com/v1/audio-analysis/2ek0NaoFFgdpKjs7beIuTE,332694,4
34,Radiohead,OK Computer OKNOTOK 1997 2017,spotify:album:0tzfI6NFJqcJkWb23R3lRZ,Airbag - Remastered,2017-06-23,0.142,0.935,2,-5.709,1,0.062,0.00989,0.826,0.128,0.617,167.685,audio_features,4qOeFiO7BASXEiQ23BLrYy,spotify:track:4qOeFiO7BASXEiQ23BLrYy,https://api.spotify.com/v1/tracks/4qOeFiO7BASXEiQ23BLrYy,https://api.spotify.com/v1/audio-analysis/4qOeFiO7BASXEiQ23BLrYy,283800,4
35,Radiohead,OK Computer OKNOTOK 1997 2017,spotify:album:0tzfI6NFJqcJkWb23R3lRZ,Paranoid Android - Remastered,2017-06-23,0.332,0.826,2,-7.269,0,0.0497,0.0275,0.00848,0.234,0.216,125.621,audio_features,2fCSulwhjYvNxKbh67d4Pd,spotify:track:2fCSulwhjYvNxKbh67d4Pd,https://api.spotify.com/v1/tracks/2fCSulwhjYvNxKbh67d4Pd,https://api.spotify.com/v1/audio-analysis/2fCSulwhjYvNxKbh67d4Pd,383973,4
36,Radiohead,OK Computer OKNOTOK 1997 2017,spotify:album:0tzfI6NFJqcJkWb23R3lRZ,Subterranean Homesick Alien - Remastered,2017-06-23,0.326,0.635,0,-7.092,1,0.0286,0.0255,0.00557,0.108,0.252,149.664,audio_features,0vgSQrQMEoa6VecE9Y5Dnk,spotify:track:0vgSQrQMEoa6VecE9Y5Dnk,https://api.spotify.com/v1/tracks/0vgSQrQMEoa6VecE9Y5Dnk,https://api.spotify.com/v1/audio-analysis/0vgSQrQMEoa6VecE9Y5Dnk,269093,3
37,Radiohead,OK Computer OKNOTOK 1997 2017,spotify:album:0tzfI6NFJqcJkWb23R3lRZ,Exit Music (For A Film) - Remastered,2017-06-23,0.366,0.296,7,-10.074,1,0.0322,0.149,0.132,0.644,0.206,121.178,audio_features,7IjGG1fEIbM6EjlyfYwqni,spotify:track:7IjGG1fEIbM6EjlyfYwqni,https://api.spotify.com/v1/tracks/7IjGG1fEIbM6EjlyfYwqni,https://api.spotify.com/v1/audio-analysis/7IjGG1fEIbM6EjlyfYwqni,265053,4
38,Radiohead,OK Computer OKNOTOK 1997 2017,spotify:album:0tzfI6NFJqcJkWb23R3lRZ,Let Down - Remastered,2017-06-23,0.364,0.753,9,-7.125,1,0.0315,8.69e-05,0.352,0.093,0.12,102.543,audio_features,1CeC8kOYxUTCC2wHGtWROD,spotify:track:1CeC8kOYxUTCC2wHGtWROD,https://api.spotify.com/v1/tracks/1CeC8kOYxUTCC2wHGtWROD,https://api.spotify.com/v1/audio-analysis/1CeC8kOYxUTCC2wHGtWROD,299280,4
39,Radiohead,OK Computer OKNOTOK 1997 2017,spotify:album:0tzfI6NFJqcJkWb23R3lRZ,Karma Police - Remastered,2017-06-23,0.39,0.577,7,-7.578,1,0.0276,0.0397,5.19e-05,0.107,0.367,74.545,audio_features,70VjECXPkO7APS1bAj4wEN,spotify:track:70VjECXPkO7APS1bAj4wEN,https://api.spotify.com/v1/tracks/70VjECXPkO7APS1bAj4wEN,https://api.spotify.com/v1/audio-analysis/70VjECXPkO7APS1bAj4wEN,261427,4
40,Radiohead,OK Computer OKNOTOK 1997 2017,spotify:album:0tzfI6NFJqcJkWb23R3lRZ,Fitter Happier - Remastered,2017-06-23,0.433,0.368,8,-15.419,1,0.235,0.836,0.0033,0.123,0.689,126.86,audio_features,7nD7b2mbbZuDdwW03rLj3f,spotify:track:7nD7b2mbbZuDdwW03rLj3f,https://api.spotify.com/v1/tracks/7nD7b2mbbZuDdwW03rLj3f,https://api.spotify.com/v1/audio-analysis/7nD7b2mbbZuDdwW03rLj3f,117387,4
41,Radiohead,OK Computer OKNOTOK 1997 2017,spotify:album:0tzfI6NFJqcJkWb23R3lRZ,Electioneering - Remastered,2017-06-23,0.207,0.951,9,-4.345,0,0.0619,0.00248,0.11,0.267,0.44,78.804,audio_features,1p7qydHaybttxuW0vXmJqC,spotify:track:1p7qydHaybttxuW0vXmJqC,https://api.spotify.com/v1/tracks/1p7qydHaybttxuW0vXmJqC,https://api.spotify.com/v1/audio-analysis/1p7qydHaybttxuW0vXmJqC,230573,4
42,Radiohead,OK Computer OKNOTOK 1997 2017,spotify:album:0tzfI6NFJqcJkWb23R3lRZ,Climbing Up the Walls - Remastered,2017-06-23,0.228,0.633,11,-6.933,0,0.0393,0.0937,0.46,0.185,0.227,65.131,audio_features,77iXtVIFppEW5MON7HLusO,spotify:track:77iXtVIFppEW5MON7HLusO,https://api.spotify.com/v1/tracks/77iXtVIFppEW5MON7HLusO,https://api.spotify.com/v1/audio-analysis/77iXtVIFppEW5MON7HLusO,285133,3
43,Radiohead,OK Computer OKNOTOK 1997 2017,spotify:album:0tzfI6NFJqcJkWb23R3lRZ,No Surprises - Remastered,2017-06-23,0.273,0.449,5,-9.303,1,0.0279,0.0392,0.0043,0.114,0.0797,76.176,audio_features,39UJG380DXNHAa07pGdVgI,spotify:track:39UJG380DXNHAa07pGdVgI,https://api.spotify.com/v1/tracks/39UJG380DXNHAa07pGdVgI,https://api.spotify.com/v1/audio-analysis/39UJG380DXNHAa07pGdVgI,228387,4
44,Radiohead,OK Computer OKNOTOK 1997 2017,spotify:album:0tzfI6NFJqcJkWb23R3lRZ,Lucky - Remastered,2017-06-23,0.229,0.452,11,-9.31,0,0.0332,0.101,0.59,0.113,0.151,131.644,audio_features,3YufhAFnp3RUyFwOEmqc3d,spotify:track:3YufhAFnp3RUyFwOEmqc3d,https://api.spotify.com/v1/tracks/3YufhAFnp3RUyFwOEmqc3d,https://api.spotify.com/v1/audio-analysis/3YufhAFnp3RUyFwOEmqc3d,259960,4
45,Radiohead,OK Computer OKNOTOK 1997 2017,spotify:album:0tzfI6NFJqcJkWb23R3lRZ,The Tourist - Remastered,2017-06-23,0.148,0.328,1,-7.477,0,0.0309,0.256,0.0864,0.105,0.0398,75.394,audio_features,2BJgf7Kv8VmOkaixf1yDku,spotify:track:2BJgf7Kv8VmOkaixf1yDku,https://api.spotify.com/v1/tracks/2BJgf7Kv8VmOkaixf1yDku,https://api.spotify.com/v1/audio-analysis/2BJgf7Kv8VmOkaixf1yDku,323535,3
46,Radiohead,OK Computer OKNOTOK 1997 2017,spotify:album:0tzfI6NFJqcJkWb23R3lRZ,I Promise,2017-06-23,0.442,0.435,11,-8.459,0,0.0261,0.392,0.0974,0.0982,0.487,155.204,audio_features,06KakoES48DwEoAiUIdjmg,spotify:track:06KakoES48DwEoAiUIdjmg,https://api.spotify.com/v1/tracks/06KakoES48DwEoAiUIdjmg,https://api.spotify.com/v1/audio-analysis/06KakoES48DwEoAiUIdjmg,239227,3
47,Radiohead,OK Computer OKNOTOK 1997 2017,spotify:album:0tzfI6NFJqcJkWb23R3lRZ,Man of War,2017-06-23,0.273,0.473,9,-7.614,0,0.0264,0.0131,0.0672,0.0802,0.141,149.115,audio_features,5HtNvKihacAXt34DDYYxBC,spotify:track:5HtNvKihacAXt34DDYYxBC,https://api.spotify.com/v1/tracks/5HtNvKihacAXt34DDYYxBC,https://api.spotify.com/v1/audio-analysis/5HtNvKihacAXt34DDYYxBC,269093,4
48,Radiohead,OK Computer OKNOTOK 1997 2017,spotify:album:0tzfI6NFJqcJkWb23R3lRZ,Lift,2017-06-23,0.311,0.546,4,-7.752,1,0.0297,0.00226,0.843,0.108,0.158,156.64,audio_features,7xztI3ccyUdEYqKYABkMQM,spotify:track:7xztI3ccyUdEYqKYABkMQM,https://api.spotify.com/v1/tracks/7xztI3ccyUdEYqKYABkMQM,https://api.spotify.com/v1/audio-analysis/7xztI3ccyUdEYqKYABkMQM,246840,4
49,Radiohead,OK Computer OKNOTOK 1997 2017,spotify:album:0tzfI6NFJqcJkWb23R3lRZ,Lull - Remastered,2017-06-23,0.237,0.617,0,-6.908,1,0.0339,0.719,0.000658,0.23,0.156,103.071,audio_features,6NVuMdBwKcxKDJe3ICzZLP,spotify:track:6NVuMdBwKcxKDJe3ICzZLP,https://api.spotify.com/v1/tracks/6NVuMdBwKcxKDJe3ICzZLP,https://api.spotify.com/v1/audio-analysis/6NVuMdBwKcxKDJe3ICzZLP,145840,4
50,Radiohead,OK Computer OKNOTOK 1997 2017,spotify:album:0tzfI6NFJqcJkWb23R3lRZ,Meeting in the Aisle - Remastered,2017-06-23,0.385,0.776,4,-4.871,1,0.0315,0.0129,0.402,0.291,0.148,202.064,audio_features,4Dq6LgGObozz8ykRgYKIGn,spotify:track:4Dq6LgGObozz8ykRgYKIGn,https://api.spotify.com/v1/tracks/4Dq6LgGObozz8ykRgYKIGn,https://api.spotify.com/v1/audio-analysis/4Dq6LgGObozz8ykRgYKIGn,187707,4
51,Radiohead,OK Computer OKNOTOK 1997 2017,spotify:album:0tzfI6NFJqcJkWb23R3lRZ,Melatonin - Remastered,2017-06-23,0.247,0.484,2,-7.813,1,0.0409,0.554,0.0743,0.105,0.0536,125.842,audio_features,70lnEv38W5ilDiDdGjgcLP,spotify:track:70lnEv38W5ilDiDdGjgcLP,https://api.spotify.com/v1/tracks/70lnEv38W5ilDiDdGjgcLP,https://api.spotify.com/v1/audio-analysis/70lnEv38W5ilDiDdGjgcLP,128733,4
52,Radiohead,OK Computer OKNOTOK 1997 2017,spotify:album:0tzfI6NFJqcJkWb23R3lRZ,A Reminder - Remastered,2017-06-23,0.315,0.5,9,-9.837,1,0.0276,0.5,0.434,0.227,0.141,78.515,audio_features,6PSIzRBv7J3o6Vz8SFDKaT,spotify:track:6PSIzRBv7J3o6Vz8SFDKaT,https://api.spotify.com/v1/tracks/6PSIzRBv7J3o6Vz8SFDKaT,https://api.spotify.com/v1/audio-analysis/6PSIzRBv7J3o6Vz8SFDKaT,232387,3
53,Radiohead,OK Computer OKNOTOK 1997 2017,spotify:album:0tzfI6NFJqcJkWb23R3lRZ,Polyethylene (Parts 1 & 2) - Remastered,2017-06-23,0.22,0.499,2,-8.363,1,0.0355,0.000573,0.00112,0.171,0.209,148.969,audio_features,17npanU0UU9JzglUnCoKdL,spotify:track:17npanU0UU9JzglUnCoKdL,https://api.spotify.com/v1/tracks/17npanU0UU9JzglUnCoKdL,https://api.spotify.com/v1/audio-analysis/17npanU0UU9JzglUnCoKdL,262467,4
54,Radiohead,OK Computer OKNOTOK 1997 2017,spotify:album:0tzfI6NFJqcJkWb23R3lRZ,Pearly* - Remastered,2017-06-23,0.322,0.853,4,-5.812,0,0.0473,5.04e-05,0.315,0.301,0.32,117.749,audio_features,1JjaPYOJEb5nvmVRGbpPz1,spotify:track:1JjaPYOJEb5nvmVRGbpPz1,https://api.spotify.com/v1/tracks/1JjaPYOJEb5nvmVRGbpPz1,https://api.spotify.com/v1/audio-analysis/1JjaPYOJEb5nvmVRGbpPz1,218598,4
55,Radiohead,OK Computer OKNOTOK 1997 2017,spotify:album:0tzfI6NFJqcJkWb23R3lRZ,Palo Alto - Remastered,2017-06-23,0.408,0.818,7,-7.825,1,0.0719,0.00762,0.00245,0.11,0.327,116.919,audio_features,36smNNHs9GP5I5BGqoDVVX,spotify:track:36smNNHs9GP5I5BGqoDVVX,https://api.spotify.com/v1/tracks/36smNNHs9GP5I5BGqoDVVX,https://api.spotify.com/v1/audio-analysis/36smNNHs9GP5I5BGqoDVVX,231816,4
56,Radiohead,OK Computer OKNOTOK 1997 2017,spotify:album:0tzfI6NFJqcJkWb23R3lRZ,How I Made My Millions - Remastered,2017-06-23,0.251,0.243,2,-10.896,1,0.0307,0.989,0.845,0.126,0.246,177.431,audio_features,5uqLwDzYZ1rH5pnFkWMiM9,spotify:track:5uqLwDzYZ1rH5pnFkWMiM9,https://api.spotify.com/v1/tracks/5uqLwDzYZ1rH5pnFkWMiM9,https://api.spotify.com/v1/audio-analysis/5uqLwDzYZ1rH5pnFkWMiM9,187117,4
57,Radiohead,A Moon Shaped Pool,spotify:album:2ix8vWvvSp2Yo7rKMiWpkg,Burn the Witch,2016-05-08,0.54,0.847,11,-6.52,1,0.0297,0.303,0.272,0.109,0.62,148.936,audio_features,3DpuYpzkvUWXbmzCm6pfzR,spotify:track:3DpuYpzkvUWXbmzCm6pfzR,https://api.spotify.com/v1/tracks/3DpuYpzkvUWXbmzCm6pfzR,https://api.spotify.com/v1/audio-analysis/3DpuYpzkvUWXbmzCm6pfzR,220609,4
58,Radiohead,A Moon Shaped Pool,spotify:album:2ix8vWvvSp2Yo7rKMiWpkg,Daydreaming,2016-05-08,0.214,0.263,9,-13.207,0,0.0336,0.968,0.853,0.126,0.113,137.561,audio_features,1Rd5OVjqDAr5xC96MHt448,spotify:track:1Rd5OVjqDAr5xC96MHt448,https://api.spotify.com/v1/tracks/1Rd5OVjqDAr5xC96MHt448,https://api.spotify.com/v1/audio-analysis/1Rd5OVjqDAr5xC96MHt448,384439,3
59,Radiohead,A Moon Shaped Pool,spotify:album:2ix8vWvvSp2Yo7rKMiWpkg,Decks Dark,2016-05-08,0.557,0.501,2,-10.827,0,0.0269,0.666,0.837,0.117,0.271,139.149,audio_features,4mRSbPLnOm54ttkTYvxxSY,spotify:track:4mRSbPLnOm54ttkTYvxxSY,https://api.spotify.com/v1/tracks/4mRSbPLnOm54ttkTYvxxSY,https://api.spotify.com/v1/audio-analysis/4mRSbPLnOm54ttkTYvxxSY,281011,4
60,Radiohead,A Moon Shaped Pool,spotify:album:2ix8vWvvSp2Yo7rKMiWpkg,Desert Island Disk,2016-05-08,0.56,0.282,0,-13.241,1,0.0287,0.868,0.529,0.11,0.158,112.009,audio_features,0eLVt8CGVdNnyMcfP38kDi,spotify:track:0eLVt8CGVdNnyMcfP38kDi,https://api.spotify.com/v1/tracks/0eLVt8CGVdNnyMcfP38kDi,https://api.spotify.com/v1/audio-analysis/0eLVt8CGVdNnyMcfP38kDi,224698,1
61,Radiohead,A Moon Shaped Pool,spotify:album:2ix8vWvvSp2Yo7rKMiWpkg,Ful Stop,2016-05-08,0.425,0.662,0,-9.877,1,0.0502,0.352,0.941,0.619,0.178,151.182,audio_features,6nOsTV3cMjLh3k6Wpk468L,spotify:track:6nOsTV3cMjLh3k6Wpk468L,https://api.spotify.com/v1/tracks/6nOsTV3cMjLh3k6Wpk468L,https://api.spotify.com/v1/audio-analysis/6nOsTV3cMjLh3k6Wpk468L,367349,3
62,Radiohead,A Moon Shaped Pool,spotify:album:2ix8vWvvSp2Yo7rKMiWpkg,Glass Eyes,2016-05-08,0.237,0.11,8,-15.721,1,0.0358,0.955,0.557,0.138,0.0632,114.436,audio_features,0uOeAmfdyaekD2RIGwCDwq,spotify:track:0uOeAmfdyaekD2RIGwCDwq,https://api.spotify.com/v1/tracks/0uOeAmfdyaekD2RIGwCDwq,https://api.spotify.com/v1/audio-analysis/0uOeAmfdyaekD2RIGwCDwq,172936,4
63,Radiohead,A Moon Shaped Pool,spotify:album:2ix8vWvvSp2Yo7rKMiWpkg,Identikit,2016-05-08,0.692,0.459,11,-9.461,0,0.0403,0.0632,0.512,0.136,0.35,150.695,audio_features,135WMJorhiGvPe50XF54D9,spotify:track:135WMJorhiGvPe50XF54D9,https://api.spotify.com/v1/tracks/135WMJorhiGvPe50XF54D9,https://api.spotify.com/v1/audio-analysis/135WMJorhiGvPe50XF54D9,266644,4
64,Radiohead,A Moon Shaped Pool,spotify:album:2ix8vWvvSp2Yo7rKMiWpkg,The Numbers,2016-05-08,0.282,0.372,5,-9.77,1,0.0315,0.651,0.409,0.0755,0.0551,105.271,audio_features,1GnFQL9XnxrXFloKm1yjuW,spotify:track:1GnFQL9XnxrXFloKm1yjuW,https://api.spotify.com/v1/tracks/1GnFQL9XnxrXFloKm1yjuW,https://api.spotify.com/v1/audio-analysis/1GnFQL9XnxrXFloKm1yjuW,345887,3
65,Radiohead,A Moon Shaped Pool,spotify:album:2ix8vWvvSp2Yo7rKMiWpkg,Present Tense,2016-05-08,0.462,0.407,1,-12.428,0,0.0345,0.912,0.399,0.11,0.336,91.915,audio_features,7KHQtpLpoIV3Wfu22YQT8y,spotify:track:7KHQtpLpoIV3Wfu22YQT8y,https://api.spotify.com/v1/tracks/7KHQtpLpoIV3Wfu22YQT8y,https://api.spotify.com/v1/audio-analysis/7KHQtpLpoIV3Wfu22YQT8y,306581,4
66,Radiohead,A Moon Shaped Pool,spotify:album:2ix8vWvvSp2Yo7rKMiWpkg,Tinker Tailor Soldier Sailor Rich Man Poor Man Beggar Man Thief,2016-05-08,0.355,0.436,11,-10.944,1,0.0302,0.73,0.798,0.106,0.0508,90.388,audio_features,3YQVYTkonczhXyj31HH4AK,spotify:track:3YQVYTkonczhXyj31HH4AK,https://api.spotify.com/v1/tracks/3YQVYTkonczhXyj31HH4AK,https://api.spotify.com/v1/audio-analysis/3YQVYTkonczhXyj31HH4AK,303689,4
67,Radiohead,A Moon Shaped Pool,spotify:album:2ix8vWvvSp2Yo7rKMiWpkg,True Love Waits,2016-05-08,0.401,0.132,0,-15.569,1,0.0355,0.938,0.102,0.1,0.0381,136.142,audio_features,07XaOyTS5hyaWiUK1Bc3bR,spotify:track:07XaOyTS5hyaWiUK1Bc3bR,https://api.spotify.com/v1/tracks/07XaOyTS5hyaWiUK1Bc3bR,https://api.spotify.com/v1/audio-analysis/07XaOyTS5hyaWiUK1Bc3bR,283464,4
68,Radiohead,TKOL RMX 1234567,spotify:album:566osTxDsfrtdBxPDMGufx,Little By Little - Caribou Rmx,2011-10-10,0.8,0.586,2,-9.633,1,0.0601,0.00824,0.773,0.0846,0.126,115.62,audio_features,753xFobxoB4Y7jOu160vH4,spotify:track:753xFobxoB4Y7jOu160vH4,https://api.spotify.com/v1/tracks/753xFobxoB4Y7jOu160vH4,https://api.spotify.com/v1/audio-analysis/753xFobxoB4Y7jOu160vH4,340160,4
69,Radiohead,TKOL RMX 1234567,spotify:album:566osTxDsfrtdBxPDMGufx,Lotus Flower - Jacques Greene Rmx,2011-10-10,0.619,0.592,2,-8.405,0,0.0346,0.0591,0.938,0.0951,0.176,127.983,audio_features,0Q0aM8mUZnOwOfKJ2GDbEo,spotify:track:0Q0aM8mUZnOwOfKJ2GDbEo,https://api.spotify.com/v1/tracks/0Q0aM8mUZnOwOfKJ2GDbEo,https://api.spotify.com/v1/audio-analysis/0Q0aM8mUZnOwOfKJ2GDbEo,429947,4
70,Radiohead,TKOL RMX 1234567,spotify:album:566osTxDsfrtdBxPDMGufx,Morning Mr Magpie - Nathan Fake Rmx,2011-10-10,0.661,0.707,0,-7.014,1,0.231,0.0825,0.0783,0.117,0.846,139.971,audio_features,6qLPjCTnlLr4Adl0ndl3Wi,spotify:track:6qLPjCTnlLr4Adl0ndl3Wi,https://api.spotify.com/v1/tracks/6qLPjCTnlLr4Adl0ndl3Wi,https://api.spotify.com/v1/audio-analysis/6qLPjCTnlLr4Adl0ndl3Wi,291987,4
71,Radiohead,TKOL RMX 1234567,spotify:album:566osTxDsfrtdBxPDMGufx,Bloom - Harmonic 313 Rmx,2011-10-10,0.422,0.665,9,-13.056,0,0.0539,0.102,0.936,0.111,0.185,150.004,audio_features,5MR8vZztOvZW9LH5631fIv,spotify:track:5MR8vZztOvZW9LH5631fIv,https://api.spotify.com/v1/tracks/5MR8vZztOvZW9LH5631fIv,https://api.spotify.com/v1/audio-analysis/5MR8vZztOvZW9LH5631fIv,304333,4
72,Radiohead,TKOL RMX 1234567,spotify:album:566osTxDsfrtdBxPDMGufx,Bloom - Mark Pritchard Rmx,2011-10-10,0.415,0.712,0,-7.97,1,0.0323,0.000801,0.938,0.119,0.287,75.01,audio_features,4EUOC2daZWU4PV8e48dSFu,spotify:track:4EUOC2daZWU4PV8e48dSFu,https://api.spotify.com/v1/tracks/4EUOC2daZWU4PV8e48dSFu,https://api.spotify.com/v1/audio-analysis/4EUOC2daZWU4PV8e48dSFu,367280,4
73,Radiohead,TKOL RMX 1234567,spotify:album:566osTxDsfrtdBxPDMGufx,Feral - Lone RMX,2011-10-10,0.762,0.877,7,-7.806,1,0.174,0.0955,0.000172,0.611,0.222,134.938,audio_features,03C9U3u138C1NEd4K2NFWA,spotify:track:03C9U3u138C1NEd4K2NFWA,https://api.spotify.com/v1/tracks/03C9U3u138C1NEd4K2NFWA,https://api.spotify.com/v1/audio-analysis/03C9U3u138C1NEd4K2NFWA,317507,4
74,Radiohead,TKOL RMX 1234567,spotify:album:566osTxDsfrtdBxPDMGufx,Morning Mr Magpie - Pearson Sound Scavenger RMX,2011-10-10,0.466,0.336,0,-12.43,1,0.0681,0.0147,0.834,0.232,0.0895,139.92,audio_features,6Op2xt7hpi7m5MWVw4CwXA,spotify:track:6Op2xt7hpi7m5MWVw4CwXA,https://api.spotify.com/v1/tracks/6Op2xt7hpi7m5MWVw4CwXA,https://api.spotify.com/v1/audio-analysis/6Op2xt7hpi7m5MWVw4CwXA,278893,4
75,Radiohead,TKOL RMX 1234567,spotify:album:566osTxDsfrtdBxPDMGufx,Separator - Four Tet RMX,2011-10-10,0.458,0.456,10,-12.402,0,0.073,0.444,0.647,0.0812,0.391,113.826,audio_features,5Ka7DSa5t9kUdQByXR3N9e,spotify:track:5Ka7DSa5t9kUdQByXR3N9e,https://api.spotify.com/v1/tracks/5Ka7DSa5t9kUdQByXR3N9e,https://api.spotify.com/v1/audio-analysis/5Ka7DSa5t9kUdQByXR3N9e,423000,4
76,Radiohead,TKOL RMX 1234567,spotify:album:566osTxDsfrtdBxPDMGufx,Give Up The Ghost - Thriller Houseghost Remix,2011-10-10,0.597,0.894,4,-9.477,0,0.102,0.314,0.851,0.115,0.142,119.965,audio_features,5NNZgRmH7VgMHPU92kIvZZ,spotify:track:5NNZgRmH7VgMHPU92kIvZZ,https://api.spotify.com/v1/tracks/5NNZgRmH7VgMHPU92kIvZZ,https://api.spotify.com/v1/audio-analysis/5NNZgRmH7VgMHPU92kIvZZ,373760,4
77,Radiohead,TKOL RMX 1234567,spotify:album:566osTxDsfrtdBxPDMGufx,Codex (Illum Sphere),2011-10-10,0.441,0.573,2,-10.581,0,0.0333,0.464,0.00536,0.387,0.0671,72.521,audio_features,0kFAacuqsR2QyfFxFAj2pc,spotify:track:0kFAacuqsR2QyfFxFAj2pc,https://api.spotify.com/v1/tracks/0kFAacuqsR2QyfFxFAj2pc,https://api.spotify.com/v1/audio-analysis/0kFAacuqsR2QyfFxFAj2pc,274373,1
78,Radiohead,TKOL RMX 1234567,spotify:album:566osTxDsfrtdBxPDMGufx,Little By Little (Shed),2011-10-10,0.344,0.79,10,-9.084,0,0.214,0.0688,0.394,0.344,0.472,173.137,audio_features,5qQmgspG3d9zBGhqQTvEUr,spotify:track:5qQmgspG3d9zBGhqQTvEUr,https://api.spotify.com/v1/tracks/5qQmgspG3d9zBGhqQTvEUr,https://api.spotify.com/v1/audio-analysis/5qQmgspG3d9zBGhqQTvEUr,289893,5
79,Radiohead,TKOL RMX 1234567,spotify:album:566osTxDsfrtdBxPDMGufx,Give Up The Ghost - Brokenchord Rmx,2011-10-10,0.454,0.614,2,-9.076,1,0.0909,0.0415,0.0896,0.201,0.095,149.944,audio_features,4yCQXEoqFq3ZvvHSvemERP,spotify:track:4yCQXEoqFq3ZvvHSvemERP,https://api.spotify.com/v1/tracks/4yCQXEoqFq3ZvvHSvemERP,https://api.spotify.com/v1/audio-analysis/4yCQXEoqFq3ZvvHSvemERP,305000,4
80,Radiohead,TKOL RMX 1234567,spotify:album:566osTxDsfrtdBxPDMGufx,TKOL - Altrice Rmx,2011-10-10,0.356,0.323,10,-16.645,0,0.0591,0.0907,0.856,0.11,0.0377,99.063,audio_features,5BBtgEIAE97a3VBHC4UT24,spotify:track:5BBtgEIAE97a3VBHC4UT24,https://api.spotify.com/v1/tracks/5BBtgEIAE97a3VBHC4UT24,https://api.spotify.com/v1/audio-analysis/5BBtgEIAE97a3VBHC4UT24,362880,4
81,Radiohead,TKOL RMX 1234567,spotify:album:566osTxDsfrtdBxPDMGufx,Bloom - Blawan Rmx,2011-10-10,0.587,0.949,7,-7.958,1,0.156,0.00079,0.606,0.0898,0.0328,124.007,audio_features,5eoxyqmauOEpe0kNAzyQFX,spotify:track:5eoxyqmauOEpe0kNAzyQFX,https://api.spotify.com/v1/tracks/5eoxyqmauOEpe0kNAzyQFX,https://api.spotify.com/v1/audio-analysis/5eoxyqmauOEpe0kNAzyQFX,449493,4
82,Radiohead,TKOL RMX 1234567,spotify:album:566osTxDsfrtdBxPDMGufx,Good Evening Mrs Magpie - Modeselektor RMX,2011-10-10,0.773,0.638,7,-11.858,1,0.0653,0.0143,0.819,0.111,0.0403,133.079,audio_features,69KgmRXiL6fJv4pXKhNf8m,spotify:track:69KgmRXiL6fJv4pXKhNf8m,https://api.spotify.com/v1/tracks/69KgmRXiL6fJv4pXKhNf8m,https://api.spotify.com/v1/audio-analysis/69KgmRXiL6fJv4pXKhNf8m,464440,4
83,Radiohead,TKOL RMX 1234567,spotify:album:566osTxDsfrtdBxPDMGufx,Bloom - Objekt RMX,2011-10-10,0.832,0.674,1,-9.099,1,0.0657,0.00161,0.799,0.0933,0.237,123.989,audio_features,2GO2saKwTfz8VxclnSP2sK,spotify:track:2GO2saKwTfz8VxclnSP2sK,https://api.spotify.com/v1/tracks/2GO2saKwTfz8VxclnSP2sK,https://api.spotify.com/v1/audio-analysis/2GO2saKwTfz8VxclnSP2sK,321427,4
84,Radiohead,TKOL RMX 1234567,spotify:album:566osTxDsfrtdBxPDMGufx,Bloom - Jamie xx Rework,2011-10-10,0.459,0.538,9,-11.866,0,0.0354,0.659,0.053,0.205,0.188,126.653,audio_features,0gy2Eqkf9dPtlkoCC3y7YA,spotify:track:0gy2Eqkf9dPtlkoCC3y7YA,https://api.spotify.com/v1/tracks/0gy2Eqkf9dPtlkoCC3y7YA,https://api.spotify.com/v1/audio-analysis/0gy2Eqkf9dPtlkoCC3y7YA,148760,4
85,Radiohead,TKOL RMX 1234567,spotify:album:566osTxDsfrtdBxPDMGufx,Separator - Anstam RMX,2011-10-10,0.746,0.916,9,-7.797,0,0.25,0.00762,0.811,0.182,0.117,135.055,audio_features,2khpCCeSM4aG0ovK4Vx8f8,spotify:track:2khpCCeSM4aG0ovK4Vx8f8,https://api.spotify.com/v1/tracks/2khpCCeSM4aG0ovK4Vx8f8,https://api.spotify.com/v1/audio-analysis/2khpCCeSM4aG0ovK4Vx8f8,290280,4
86,Radiohead,TKOL RMX 1234567,spotify:album:566osTxDsfrtdBxPDMGufx,Lotus Flower - SBTRKT RMX,2011-10-10,0.792,0.49,2,-8.229,1,0.0472,0.00831,0.726,0.267,0.423,133.018,audio_features,4YjfRIqLnw9CPZMwWLM6oi,spotify:track:4YjfRIqLnw9CPZMwWLM6oi,https://api.spotify.com/v1/tracks/4YjfRIqLnw9CPZMwWLM6oi,https://api.spotify.com/v1/audio-analysis/4YjfRIqLnw9CPZMwWLM6oi,321933,4
87,Radiohead,The King Of Limbs,spotify:album:3P17levwUPzmFfLYdAK3A7,Bloom,2011-02-18,0.519,0.959,0,-7.596,0,0.157,0.619,0.886,0.0831,0.341,149.729,audio_features,2HO0MwfNYxJa2zwo6vrQMT,spotify:track:2HO0MwfNYxJa2zwo6vrQMT,https://api.spotify.com/v1/tracks/2HO0MwfNYxJa2zwo6vrQMT,https://api.spotify.com/v1/audio-analysis/2HO0MwfNYxJa2zwo6vrQMT,313671,4
88,Radiohead,The King Of Limbs,spotify:album:3P17levwUPzmFfLYdAK3A7,Morning Mr Magpie,2011-02-18,0.648,0.587,5,-10.993,1,0.052,0.42,0.839,0.141,0.402,70.124,audio_features,0LP2TRYiYtwpV9qbvedm3Y,spotify:track:0LP2TRYiYtwpV9qbvedm3Y,https://api.spotify.com/v1/tracks/0LP2TRYiYtwpV9qbvedm3Y,https://api.spotify.com/v1/audio-analysis/0LP2TRYiYtwpV9qbvedm3Y,280719,4
89,Radiohead,The King Of Limbs,spotify:album:3P17levwUPzmFfLYdAK3A7,Little By Little,2011-02-18,0.618,0.887,4,-8.423,0,0.0376,0.427,0.415,0.213,0.603,115.623,audio_features,1R5qCDSE1XEiSDMkA0LAhf,spotify:track:1R5qCDSE1XEiSDMkA0LAhf,https://api.spotify.com/v1/tracks/1R5qCDSE1XEiSDMkA0LAhf,https://api.spotify.com/v1/audio-analysis/1R5qCDSE1XEiSDMkA0LAhf,267154,4
90,Radiohead,The King Of Limbs,spotify:album:3P17levwUPzmFfLYdAK3A7,Feral,2011-02-18,0.49,0.777,7,-11.521,1,0.0974,0.00101,0.897,0.0896,0.729,135.991,audio_features,7pEP2RXIZNXaI24enG8cyL,spotify:track:7pEP2RXIZNXaI24enG8cyL,https://api.spotify.com/v1/tracks/7pEP2RXIZNXaI24enG8cyL,https://api.spotify.com/v1/audio-analysis/7pEP2RXIZNXaI24enG8cyL,192743,4
91,Radiohead,The King Of Limbs,spotify:album:3P17levwUPzmFfLYdAK3A7,Lotus Flower,2011-02-18,0.721,0.676,2,-8.78,0,0.032,0.0899,0.334,0.0826,0.62,127.99,audio_features,2QeutlLcJf2V1cMUUsDFT1,spotify:track:2QeutlLcJf2V1cMUUsDFT1,https://api.spotify.com/v1/tracks/2QeutlLcJf2V1cMUUsDFT1,https://api.spotify.com/v1/audio-analysis/2QeutlLcJf2V1cMUUsDFT1,300219,4
92,Radiohead,The King Of Limbs,spotify:album:3P17levwUPzmFfLYdAK3A7,Codex,2011-02-18,0.346,0.128,2,-17.536,0,0.0303,0.841,0.76,0.13,0.0654,58.996,audio_features,6ttYF5VadzTssGV2i1Q08T,spotify:track:6ttYF5VadzTssGV2i1Q08T,https://api.spotify.com/v1/tracks/6ttYF5VadzTssGV2i1Q08T,https://api.spotify.com/v1/audio-analysis/6ttYF5VadzTssGV2i1Q08T,287067,4
93,Radiohead,The King Of Limbs,spotify:album:3P17levwUPzmFfLYdAK3A7,Give Up The Ghost,2011-02-18,0.305,0.262,7,-12.278,1,0.0297,0.886,0.0781,0.19,0.157,77.061,audio_features,05NZMYuLR71Z3qrZOUiUm2,spotify:track:05NZMYuLR71Z3qrZOUiUm2,https://api.spotify.com/v1/tracks/05NZMYuLR71Z3qrZOUiUm2,https://api.spotify.com/v1/audio-analysis/05NZMYuLR71Z3qrZOUiUm2,290067,4
94,Radiohead,The King Of Limbs,spotify:album:3P17levwUPzmFfLYdAK3A7,Separator,2011-02-18,0.694,0.776,3,-9.803,1,0.0557,0.039,0.741,0.0884,0.631,113.804,audio_features,2fV57qob1dYMJKEfTwHOt1,spotify:track:2fV57qob1dYMJKEfTwHOt1,https://api.spotify.com/v1/tracks/2fV57qob1dYMJKEfTwHOt1,https://api.spotify.com/v1/audio-analysis/2fV57qob1dYMJKEfTwHOt1,319249,4
95,Radiohead,In Rainbows,spotify:album:5vkqYmiPBYLaalcmjujWxK,15 Step,2007-12-28,0.598,0.854,1,-7.584,1,0.0422,0.0477,0.338,0.0934,0.844,94.458,audio_features,4oXg7xT4ksBxHTx8PcmSXw,spotify:track:4oXg7xT4ksBxHTx8PcmSXw,https://api.spotify.com/v1/tracks/4oXg7xT4ksBxHTx8PcmSXw,https://api.spotify.com/v1/audio-analysis/4oXg7xT4ksBxHTx8PcmSXw,237293,4
96,Radiohead,In Rainbows,spotify:album:5vkqYmiPBYLaalcmjujWxK,Bodysnatchers,2007-12-28,0.342,0.976,2,-4.986,1,0.0573,0.00443,0.0175,0.0974,0.733,166.663,audio_features,4pWIwnnqx8k01fuF95UMIg,spotify:track:4pWIwnnqx8k01fuF95UMIg,https://api.spotify.com/v1/tracks/4pWIwnnqx8k01fuF95UMIg,https://api.spotify.com/v1/audio-analysis/4pWIwnnqx8k01fuF95UMIg,242293,4
97,Radiohead,In Rainbows,spotify:album:5vkqYmiPBYLaalcmjujWxK,Nude,2007-12-28,0.516,0.342,4,-9.785,1,0.0342,0.832,0.579,0.0857,0.167,128.378,audio_features,35YyxFpE0ZTOoqFx5bADW8,spotify:track:35YyxFpE0ZTOoqFx5bADW8,https://api.spotify.com/v1/tracks/35YyxFpE0ZTOoqFx5bADW8,https://api.spotify.com/v1/audio-analysis/35YyxFpE0ZTOoqFx5bADW8,255387,3
98,Radiohead,In Rainbows,spotify:album:5vkqYmiPBYLaalcmjujWxK,Weird Fishes/ Arpeggi,2007-12-28,0.531,0.61,11,-8.025,0,0.0387,0.772,0.756,0.0908,0.199,152.958,audio_features,4wajJ1o7jWIg62YqpkHC7S,spotify:track:4wajJ1o7jWIg62YqpkHC7S,https://api.spotify.com/v1/tracks/4wajJ1o7jWIg62YqpkHC7S,https://api.spotify.com/v1/audio-analysis/4wajJ1o7jWIg62YqpkHC7S,318187,4
99,Radiohead,In Rainbows,spotify:album:5vkqYmiPBYLaalcmjujWxK,All I Need,2007-12-28,0.67,0.478,4,-8.689,0,0.0355,0.531,0.428,0.138,0.0997,88.014,audio_features,5Qv2Nby1xTr9pQyjkrc94J,spotify:track:5Qv2Nby1xTr9pQyjkrc94J,https://api.spotify.com/v1/tracks/5Qv2Nby1xTr9pQyjkrc94J,https://api.spotify.com/v1/audio-analysis/5Qv2Nby1xTr9pQyjkrc94J,228747,4
100,Radiohead,In Rainbows,spotify:album:5vkqYmiPBYLaalcmjujWxK,Faust Arp,2007-12-28,0.337,0.288,9,-13.477,0,0.0321,0.84,0.199,0.0964,0.225,105.036,audio_features,15irEKZ9D6FQqLoZ1qJ1Cx,spotify:track:15irEKZ9D6FQqLoZ1qJ1Cx,https://api.spotify.com/v1/tracks/15irEKZ9D6FQqLoZ1qJ1Cx,https://api.spotify.com/v1/audio-analysis/15irEKZ9D6FQqLoZ1qJ1Cx,129680,4
101,Radiohead,In Rainbows,spotify:album:5vkqYmiPBYLaalcmjujWxK,Reckoner,2007-12-28,0.523,0.656,4,-7.441,0,0.0262,0.511,0.16,0.0679,0.214,104.271,audio_features,02ppMPbg1OtEdHgoPqoqju,spotify:track:02ppMPbg1OtEdHgoPqoqju,https://api.spotify.com/v1/tracks/02ppMPbg1OtEdHgoPqoqju,https://api.spotify.com/v1/audio-analysis/02ppMPbg1OtEdHgoPqoqju,290213,4
102,Radiohead,In Rainbows,spotify:album:5vkqYmiPBYLaalcmjujWxK,House Of Cards,2007-12-28,0.708,0.499,5,-9.644,1,0.0297,0.269,0.57,0.101,0.628,111.652,audio_features,48X4D1FYOShPz2VF3YdfCF,spotify:track:48X4D1FYOShPz2VF3YdfCF,https://api.spotify.com/v1/tracks/48X4D1FYOShPz2VF3YdfCF,https://api.spotify.com/v1/audio-analysis/48X4D1FYOShPz2VF3YdfCF,328293,4
103,Radiohead,In Rainbows,spotify:album:5vkqYmiPBYLaalcmjujWxK,Jigsaw Falling Into Place,2007-12-28,0.462,0.832,11,-6.085,0,0.0479,0.108,0.00416,0.0741,0.807,165.653,audio_features,0YJ9FWWHn9EfnN0lHwbzvV,spotify:track:0YJ9FWWHn9EfnN0lHwbzvV,https://api.spotify.com/v1/tracks/0YJ9FWWHn9EfnN0lHwbzvV,https://api.spotify.com/v1/audio-analysis/0YJ9FWWHn9EfnN0lHwbzvV,248893,4
104,Radiohead,In Rainbows,spotify:album:5vkqYmiPBYLaalcmjujWxK,Videotape,2007-12-28,0.596,0.383,1,-11.194,0,0.0324,0.694,0.808,0.0889,0.0506,77.423,audio_features,4T1iiabe7G0UjWQJCY6NE2,spotify:track:4T1iiabe7G0UjWQJCY6NE2,https://api.spotify.com/v1/tracks/4T1iiabe7G0UjWQJCY6NE2,https://api.spotify.com/v1/audio-analysis/4T1iiabe7G0UjWQJCY6NE2,279634,4
105,Radiohead,In Rainbows (Disk 2),spotify:album:6zTAW5oRuOmxJuUHhcQope,MK 1,2007,0.225,0.0977,1,-27.007,0,0.0343,0.99,0.988,0.0929,0.0397,80.166,audio_features,49oVFSbl8QdRAXktelJZWC,spotify:track:49oVFSbl8QdRAXktelJZWC,https://api.spotify.com/v1/tracks/49oVFSbl8QdRAXktelJZWC,https://api.spotify.com/v1/audio-analysis/49oVFSbl8QdRAXktelJZWC,62930,4
106,Radiohead,In Rainbows (Disk 2),spotify:album:6zTAW5oRuOmxJuUHhcQope,Down Is The New Up,2007,0.532,0.845,4,-6.967,0,0.0433,0.128,0.289,0.119,0.124,104.808,audio_features,4Nckr2LBLkgNOdMadwNAxc,spotify:track:4Nckr2LBLkgNOdMadwNAxc,https://api.spotify.com/v1/tracks/4Nckr2LBLkgNOdMadwNAxc,https://api.spotify.com/v1/audio-analysis/4Nckr2LBLkgNOdMadwNAxc,299283,4
107,Radiohead,In Rainbows (Disk 2),spotify:album:6zTAW5oRuOmxJuUHhcQope,Go Slowly,2007,0.441,0.393,11,-8.556,0,0.0307,0.883,0.796,0.131,0.0446,108.213,audio_features,6yiSyupeI7KYdBZKJdnIUO,spotify:track:6yiSyupeI7KYdBZKJdnIUO,https://api.spotify.com/v1/tracks/6yiSyupeI7KYdBZKJdnIUO,https://api.spotify.com/v1/audio-analysis/6yiSyupeI7KYdBZKJdnIUO,228236,4
108,Radiohead,In Rainbows (Disk 2),spotify:album:6zTAW5oRuOmxJuUHhcQope,MK 2,2007,0.256,0.263,2,-15.292,0,0.0573,0.995,0.97,0.0971,0.039,132.092,audio_features,6Z467S228pBaUaAaMMBIHl,spotify:track:6Z467S228pBaUaAaMMBIHl,https://api.spotify.com/v1/tracks/6Z467S228pBaUaAaMMBIHl,https://api.spotify.com/v1/audio-analysis/6Z467S228pBaUaAaMMBIHl,53004,3
109,Radiohead,In Rainbows (Disk 2),spotify:album:6zTAW5oRuOmxJuUHhcQope,Last Flowers,2007,0.555,0.307,0,-8.236,1,0.0295,0.92,0.000769,0.112,0.286,75.727,audio_features,1mM2u5TRMdUKsIfZKEI6yJ,spotify:track:1mM2u5TRMdUKsIfZKEI6yJ,https://api.spotify.com/v1/tracks/1mM2u5TRMdUKsIfZKEI6yJ,https://api.spotify.com/v1/audio-analysis/1mM2u5TRMdUKsIfZKEI6yJ,266478,4
110,Radiohead,In Rainbows (Disk 2),spotify:album:6zTAW5oRuOmxJuUHhcQope,Up On The Ladder,2007,0.459,0.617,5,-7.567,0,0.0285,0.00403,0.572,0.633,0.135,91.463,audio_features,5MjwOoU9YISfMujFrjEwxu,spotify:track:5MjwOoU9YISfMujFrjEwxu,https://api.spotify.com/v1/tracks/5MjwOoU9YISfMujFrjEwxu,https://api.spotify.com/v1/audio-analysis/5MjwOoU9YISfMujFrjEwxu,257170,4
111,Radiohead,In Rainbows (Disk 2),spotify:album:6zTAW5oRuOmxJuUHhcQope,Bangers + Mash,2007,0.637,0.98,9,-4.981,0,0.115,0.0303,0.000913,0.601,0.65,135.993,audio_features,0Hnik88ryug02UaEOTiXrE,spotify:track:0Hnik88ryug02UaEOTiXrE,https://api.spotify.com/v1/tracks/0Hnik88ryug02UaEOTiXrE,https://api.spotify.com/v1/audio-analysis/0Hnik88ryug02UaEOTiXrE,199502,4
112,Radiohead,In Rainbows (Disk 2),spotify:album:6zTAW5oRuOmxJuUHhcQope,4 Minute Warning,2007,0.532,0.303,9,-13.076,1,0.0311,0.587,0.0657,0.111,0.225,124.157,audio_features,3HPLfZhQUds6N6tZ4WiApn,spotify:track:3HPLfZhQUds6N6tZ4WiApn,https://api.spotify.com/v1/tracks/3HPLfZhQUds6N6tZ4WiApn,https://api.spotify.com/v1/audio-analysis/3HPLfZhQUds6N6tZ4WiApn,244285,4
113,Radiohead,Hail To the Thief,spotify:album:5mzoI3VH0ZWk1pLFR6RoYy,2 + 2 = 5,2003-06-09,0.442,0.717,5,-5.498,0,0.0504,0.178,5.1e-05,0.344,0.386,149.582,audio_features,4xkcGfpM9RwB4IiQ7yx2dB,spotify:track:4xkcGfpM9RwB4IiQ7yx2dB,https://api.spotify.com/v1/tracks/4xkcGfpM9RwB4IiQ7yx2dB,https://api.spotify.com/v1/audio-analysis/4xkcGfpM9RwB4IiQ7yx2dB,199360,4
114,Radiohead,Hail To the Thief,spotify:album:5mzoI3VH0ZWk1pLFR6RoYy,Sit Down. Stand Up,2003-06-09,0.484,0.559,5,-7.434,0,0.0401,0.0161,0.502,0.0562,0.522,161.055,audio_features,6MKWCO8g2W05UcaFyfQ6Cl,spotify:track:6MKWCO8g2W05UcaFyfQ6Cl,https://api.spotify.com/v1/tracks/6MKWCO8g2W05UcaFyfQ6Cl,https://api.spotify.com/v1/audio-analysis/6MKWCO8g2W05UcaFyfQ6Cl,259973,4
115,Radiohead,Hail To the Thief,spotify:album:5mzoI3VH0ZWk1pLFR6RoYy,Sail To The Moon,2003-06-09,0.371,0.295,9,-10.952,0,0.0315,0.797,0.552,0.0977,0.0536,111.914,audio_features,7tFsUfrmyBvLdvIByreecz,spotify:track:7tFsUfrmyBvLdvIByreecz,https://api.spotify.com/v1/tracks/7tFsUfrmyBvLdvIByreecz,https://api.spotify.com/v1/audio-analysis/7tFsUfrmyBvLdvIByreecz,258360,4
116,Radiohead,Hail To the Thief,spotify:album:5mzoI3VH0ZWk1pLFR6RoYy,Backdrifts,2003-06-09,0.718,0.719,11,-10.059,1,0.0789,0.646,0.297,0.108,0.725,93.065,audio_features,32dgxT0S7Tv5p83DgT6iCT,spotify:track:32dgxT0S7Tv5p83DgT6iCT,https://api.spotify.com/v1/tracks/32dgxT0S7Tv5p83DgT6iCT,https://api.spotify.com/v1/audio-analysis/32dgxT0S7Tv5p83DgT6iCT,322600,4
117,Radiohead,Hail To the Thief,spotify:album:5mzoI3VH0ZWk1pLFR6RoYy,Go To Sleep,2003-06-09,0.288,0.86,2,-6.311,0,0.0393,0.103,0.000399,0.102,0.66,161.196,audio_features,42BeMThJuzIQe1oQvhDwgl,spotify:track:42BeMThJuzIQe1oQvhDwgl,https://api.spotify.com/v1/tracks/42BeMThJuzIQe1oQvhDwgl,https://api.spotify.com/v1/audio-analysis/42BeMThJuzIQe1oQvhDwgl,201507,4
118,Radiohead,Hail To the Thief,spotify:album:5mzoI3VH0ZWk1pLFR6RoYy,Where I End and You Begin,2003-06-09,0.298,0.713,8,-7.861,1,0.0352,0.0627,0.859,0.142,0.48,121.309,audio_features,2dDqsUr11Mv0qhXByNfbJx,spotify:track:2dDqsUr11Mv0qhXByNfbJx,https://api.spotify.com/v1/tracks/2dDqsUr11Mv0qhXByNfbJx,https://api.spotify.com/v1/audio-analysis/2dDqsUr11Mv0qhXByNfbJx,269293,4
119,Radiohead,Hail To the Thief,spotify:album:5mzoI3VH0ZWk1pLFR6RoYy,We Suck Young Blood,2003-06-09,0.164,0.239,3,-11.075,0,0.0304,0.878,0.0292,0.105,0.0378,76.72,audio_features,0dco6ZSO8vnL2fHRi10XSY,spotify:track:0dco6ZSO8vnL2fHRi10XSY,https://api.spotify.com/v1/tracks/0dco6ZSO8vnL2fHRi10XSY,https://api.spotify.com/v1/audio-analysis/0dco6ZSO8vnL2fHRi10XSY,296707,4
120,Radiohead,Hail To the Thief,spotify:album:5mzoI3VH0ZWk1pLFR6RoYy,The Gloaming,2003-06-09,0.345,0.609,4,-13.37,0,0.343,0.106,0.101,0.382,0.115,200.127,audio_features,3qhLTNphwAepIyHJF9ZMv0,spotify:track:3qhLTNphwAepIyHJF9ZMv0,https://api.spotify.com/v1/tracks/3qhLTNphwAepIyHJF9ZMv0,https://api.spotify.com/v1/audio-analysis/3qhLTNphwAepIyHJF9ZMv0,212027,3
121,Radiohead,Hail To the Thief,spotify:album:5mzoI3VH0ZWk1pLFR6RoYy,"There, There",2003-06-09,0.614,0.677,9,-8.317,0,0.0323,0.0193,0.52,0.108,0.716,126.482,audio_features,5h4y42RUKwYKYWgutNwvKP,spotify:track:5h4y42RUKwYKYWgutNwvKP,https://api.spotify.com/v1/tracks/5h4y42RUKwYKYWgutNwvKP,https://api.spotify.com/v1/audio-analysis/5h4y42RUKwYKYWgutNwvKP,323600,4
122,Radiohead,Hail To the Thief,spotify:album:5mzoI3VH0ZWk1pLFR6RoYy,I Will,2003-06-09,0.27,0.133,1,-14.06,0,0.0329,0.946,0.000131,0.113,0.167,74.908,audio_features,6GMGuW9ne8D3CvjkJoKJeg,spotify:track:6GMGuW9ne8D3CvjkJoKJeg,https://api.spotify.com/v1/tracks/6GMGuW9ne8D3CvjkJoKJeg,https://api.spotify.com/v1/audio-analysis/6GMGuW9ne8D3CvjkJoKJeg,119467,4
123,Radiohead,Hail To the Thief,spotify:album:5mzoI3VH0ZWk1pLFR6RoYy,A Punch Up at a Wedding,2003-06-09,0.604,0.507,11,-9.967,0,0.0268,0.0776,0.054,0.0919,0.562,79.039,audio_features,5kDi4uwQnHM920ElxNdzUO,spotify:track:5kDi4uwQnHM920ElxNdzUO,https://api.spotify.com/v1/tracks/5kDi4uwQnHM920ElxNdzUO,https://api.spotify.com/v1/audio-analysis/5kDi4uwQnHM920ElxNdzUO,297333,4
124,Radiohead,Hail To the Thief,spotify:album:5mzoI3VH0ZWk1pLFR6RoYy,Myxomatosis,2003-06-09,0.498,0.816,7,-7.079,1,0.0361,0.00018,0.719,0.299,0.571,99.124,audio_features,3MW7yZK3kKtjsmJpsvBwyf,spotify:track:3MW7yZK3kKtjsmJpsvBwyf,https://api.spotify.com/v1/tracks/3MW7yZK3kKtjsmJpsvBwyf,https://api.spotify.com/v1/audio-analysis/3MW7yZK3kKtjsmJpsvBwyf,232533,4
125,Radiohead,Hail To the Thief,spotify:album:5mzoI3VH0ZWk1pLFR6RoYy,Scatterbrain,2003-06-09,0.491,0.753,7,-8.62,1,0.0314,0.0316,0.0587,0.0617,0.234,126.142,audio_features,0mEOPRobXw671f2H68XzoB,spotify:track:0mEOPRobXw671f2H68XzoB,https://api.spotify.com/v1/tracks/0mEOPRobXw671f2H68XzoB,https://api.spotify.com/v1/audio-analysis/0mEOPRobXw671f2H68XzoB,201707,4
126,Radiohead,Hail To the Thief,spotify:album:5mzoI3VH0ZWk1pLFR6RoYy,A Wolf At the Door,2003-06-09,0.423,0.675,7,-7.134,1,0.0303,0.265,4.21e-06,0.235,0.364,69.27,audio_features,3OHevW2cUT176DXWV0lHg9,spotify:track:3OHevW2cUT176DXWV0lHg9,https://api.spotify.com/v1/tracks/3OHevW2cUT176DXWV0lHg9,https://api.spotify.com/v1/audio-analysis/3OHevW2cUT176DXWV0lHg9,201333,3
127,Radiohead,I Might Be Wrong,spotify:album:1vdQ5t7iO2gC3OX7j2GFCt,The National Anthem - Live in France,2001-11-12,0.346,0.866,2,-5.679,1,0.0369,0.00842,0.763,0.699,0.303,96.439,audio_features,68Wf5I47kv3PC72baPEOcg,spotify:track:68Wf5I47kv3PC72baPEOcg,https://api.spotify.com/v1/tracks/68Wf5I47kv3PC72baPEOcg,https://api.spotify.com/v1/audio-analysis/68Wf5I47kv3PC72baPEOcg,297533,4
128,Radiohead,I Might Be Wrong,spotify:album:1vdQ5t7iO2gC3OX7j2GFCt,I Might Be Wrong - Live,2001-11-12,0.409,0.943,5,-8.843,1,0.0767,0.148,0.878,0.785,0.33,113.723,audio_features,042kqquPL3pPtj8NgyMYG3,spotify:track:042kqquPL3pPtj8NgyMYG3,https://api.spotify.com/v1/tracks/042kqquPL3pPtj8NgyMYG3,https://api.spotify.com/v1/audio-analysis/042kqquPL3pPtj8NgyMYG3,292133,4
129,Radiohead,I Might Be Wrong,spotify:album:1vdQ5t7iO2gC3OX7j2GFCt,Morning Bell - Live in Oxford,2001-11-12,0.519,0.8,2,-7.207,1,0.0388,0.451,0.286,0.968,0.342,144.532,audio_features,7dZXUEXUO6SW9CZPrTGEzo,spotify:track:7dZXUEXUO6SW9CZPrTGEzo,https://api.spotify.com/v1/tracks/7dZXUEXUO6SW9CZPrTGEzo,https://api.spotify.com/v1/audio-analysis/7dZXUEXUO6SW9CZPrTGEzo,254067,5
130,Radiohead,I Might Be Wrong,spotify:album:1vdQ5t7iO2gC3OX7j2GFCt,Like Spinning Plates - Live,2001-11-12,0.284,0.384,1,-9.853,1,0.0352,0.807,0.0133,0.97,0.101,143.016,audio_features,30V7kc7a8R3ONCRG1ipEZc,spotify:track:30V7kc7a8R3ONCRG1ipEZc,https://api.spotify.com/v1/tracks/30V7kc7a8R3ONCRG1ipEZc,https://api.spotify.com/v1/audio-analysis/30V7kc7a8R3ONCRG1ipEZc,232800,4
131,Radiohead,I Might Be Wrong,spotify:album:1vdQ5t7iO2gC3OX7j2GFCt,Idioteque - Live in Oxford,2001-11-12,0.493,0.979,3,-6.132,1,0.187,0.211,0.0,0.963,0.322,146.093,audio_features,6QpvcM1VcNxxBMrxWkdgeM,spotify:track:6QpvcM1VcNxxBMrxWkdgeM,https://api.spotify.com/v1/tracks/6QpvcM1VcNxxBMrxWkdgeM,https://api.spotify.com/v1/audio-analysis/6QpvcM1VcNxxBMrxWkdgeM,264840,3
132,Radiohead,I Might Be Wrong,spotify:album:1vdQ5t7iO2gC3OX7j2GFCt,Everything in Its Right Place - Live in France,2001-11-12,0.367,0.534,5,-12.425,0,0.0363,0.678,0.285,0.724,0.216,127.206,audio_features,1F2C3VZllQC9SV32FvMalr,spotify:track:1F2C3VZllQC9SV32FvMalr,https://api.spotify.com/v1/tracks/1F2C3VZllQC9SV32FvMalr,https://api.spotify.com/v1/audio-analysis/1F2C3VZllQC9SV32FvMalr,462800,5
133,Radiohead,I Might Be Wrong,spotify:album:1vdQ5t7iO2gC3OX7j2GFCt,Dollars and Cents - Live,2001-11-12,0.261,0.71,6,-10.308,0,0.0345,0.343,0.162,0.901,0.237,139.092,audio_features,4QhzDcpGhiWJzZSgIZQR9q,spotify:track:4QhzDcpGhiWJzZSgIZQR9q,https://api.spotify.com/v1/tracks/4QhzDcpGhiWJzZSgIZQR9q,https://api.spotify.com/v1/audio-analysis/4QhzDcpGhiWJzZSgIZQR9q,313000,4
134,Radiohead,I Might Be Wrong,spotify:album:1vdQ5t7iO2gC3OX7j2GFCt,True Love Waits - Live in Oslo,2001-11-12,0.298,0.483,5,-8.822,1,0.0358,0.455,0.00298,0.69,0.0642,164.299,audio_features,62SvkbQm1wMS6KZtbtls1V,spotify:track:62SvkbQm1wMS6KZtbtls1V,https://api.spotify.com/v1/tracks/62SvkbQm1wMS6KZtbtls1V,https://api.spotify.com/v1/audio-analysis/62SvkbQm1wMS6KZtbtls1V,304920,4
135,Radiohead,Amnesiac,spotify:album:1HrMmB5useeZ0F5lHrMvl0,Packt Like Sardines In a Crushd Tin Box,2001-03-12,0.666,0.638,0,-12.715,1,0.0385,0.731,0.859,0.0933,0.65,124.618,audio_features,0tDn82XkoueVV5q9G7OUAv,spotify:track:0tDn82XkoueVV5q9G7OUAv,https://api.spotify.com/v1/tracks/0tDn82XkoueVV5q9G7OUAv,https://api.spotify.com/v1/audio-analysis/0tDn82XkoueVV5q9G7OUAv,240333,4
136,Radiohead,Amnesiac,spotify:album:1HrMmB5useeZ0F5lHrMvl0,Pyramid Song,2001-03-12,0.12,0.336,11,-8.298,0,0.0352,0.786,0.404,0.111,0.0679,72.64,audio_features,55q3Ro66yXWi9rsEddeEN4,spotify:track:55q3Ro66yXWi9rsEddeEN4,https://api.spotify.com/v1/tracks/55q3Ro66yXWi9rsEddeEN4,https://api.spotify.com/v1/audio-analysis/55q3Ro66yXWi9rsEddeEN4,288733,4
137,Radiohead,Amnesiac,spotify:album:1HrMmB5useeZ0F5lHrMvl0,Pulk/Pull Revolving Doors,2001-03-12,0.58,0.625,10,-12.073,0,0.0896,5.46e-05,0.725,0.1,0.141,97.044,audio_features,6AIq6WIkWBoRUb6kTVY8yU,spotify:track:6AIq6WIkWBoRUb6kTVY8yU,https://api.spotify.com/v1/tracks/6AIq6WIkWBoRUb6kTVY8yU,https://api.spotify.com/v1/audio-analysis/6AIq6WIkWBoRUb6kTVY8yU,247267,4
138,Radiohead,Amnesiac,spotify:album:1HrMmB5useeZ0F5lHrMvl0,You And Whose Army?,2001-03-12,0.295,0.15,1,-10.244,0,0.0325,0.794,0.205,0.103,0.131,137.504,audio_features,7Hg6a7tZsVTkXnBUepjZU6,spotify:track:7Hg6a7tZsVTkXnBUepjZU6,https://api.spotify.com/v1/tracks/7Hg6a7tZsVTkXnBUepjZU6,https://api.spotify.com/v1/audio-analysis/7Hg6a7tZsVTkXnBUepjZU6,191000,4
139,Radiohead,Amnesiac,spotify:album:1HrMmB5useeZ0F5lHrMvl0,I Might Be Wrong,2001-03-12,0.602,0.735,7,-8.321,0,0.0254,0.261,0.794,0.11,0.505,102.895,audio_features,5JZ1jTanqLWVuThmZ6XRAc,spotify:track:5JZ1jTanqLWVuThmZ6XRAc,https://api.spotify.com/v1/tracks/5JZ1jTanqLWVuThmZ6XRAc,https://api.spotify.com/v1/audio-analysis/5JZ1jTanqLWVuThmZ6XRAc,293773,4
140,Radiohead,Amnesiac,spotify:album:1HrMmB5useeZ0F5lHrMvl0,Knives Out,2001-03-12,0.432,0.675,2,-6.702,0,0.0337,0.091,0.287,0.159,0.184,137.262,audio_features,521OhfIeThXJKiTyz0m883,spotify:track:521OhfIeThXJKiTyz0m883,https://api.spotify.com/v1/tracks/521OhfIeThXJKiTyz0m883,https://api.spotify.com/v1/audio-analysis/521OhfIeThXJKiTyz0m883,254867,4
141,Radiohead,Amnesiac,spotify:album:1HrMmB5useeZ0F5lHrMvl0,Morning Bell/Amnesiac,2001-03-12,0.319,0.421,2,-6.23,1,0.0322,0.712,0.0495,0.0956,0.182,61.709,audio_features,09rXQjOX61UGL36z76q8OS,spotify:track:09rXQjOX61UGL36z76q8OS,https://api.spotify.com/v1/tracks/09rXQjOX61UGL36z76q8OS,https://api.spotify.com/v1/audio-analysis/09rXQjOX61UGL36z76q8OS,194267,4
142,Radiohead,Amnesiac,spotify:album:1HrMmB5useeZ0F5lHrMvl0,Dollars and Cents,2001-03-12,0.327,0.565,7,-7.303,1,0.0306,0.395,0.247,0.112,0.0883,138.308,audio_features,0kSDNLOdJqpGhV2vtVFWmS,spotify:track:0kSDNLOdJqpGhV2vtVFWmS,https://api.spotify.com/v1/tracks/0kSDNLOdJqpGhV2vtVFWmS,https://api.spotify.com/v1/audio-analysis/0kSDNLOdJqpGhV2vtVFWmS,291733,4
143,Radiohead,Amnesiac,spotify:album:1HrMmB5useeZ0F5lHrMvl0,Hunting Bears,2001-03-12,0.295,0.264,7,-12.203,1,0.0432,0.853,0.926,0.0962,0.0736,143.191,audio_features,3LpAIBGaRKXqgDzEV25Bh7,spotify:track:3LpAIBGaRKXqgDzEV25Bh7,https://api.spotify.com/v1/tracks/3LpAIBGaRKXqgDzEV25Bh7,https://api.spotify.com/v1/audio-analysis/3LpAIBGaRKXqgDzEV25Bh7,121200,3
144,Radiohead,Amnesiac,spotify:album:1HrMmB5useeZ0F5lHrMvl0,Like Spinning Plates,2001-03-12,0.492,0.409,1,-13.303,0,0.0646,0.711,0.906,0.23,0.218,138.472,audio_features,1irS6wtXCUUF5ytfPqOzpM,spotify:track:1irS6wtXCUUF5ytfPqOzpM,https://api.spotify.com/v1/tracks/1irS6wtXCUUF5ytfPqOzpM,https://api.spotify.com/v1/audio-analysis/1irS6wtXCUUF5ytfPqOzpM,237467,4
145,Radiohead,Amnesiac,spotify:album:1HrMmB5useeZ0F5lHrMvl0,Life In a Glasshouse,2001-03-12,0.252,0.397,7,-7.619,0,0.0364,0.728,0.0404,0.116,0.0466,123.924,audio_features,5xJc58mBWz68WhwU2n5seR,spotify:track:5xJc58mBWz68WhwU2n5seR,https://api.spotify.com/v1/tracks/5xJc58mBWz68WhwU2n5seR,https://api.spotify.com/v1/audio-analysis/5xJc58mBWz68WhwU2n5seR,276693,4
146,Radiohead,Kid A,spotify:album:6GjwtEZcfenmOf6l18N7T7,Everything In Its Right Place,2000-10-02,0.296,0.463,5,-11.412,0,0.0449,0.705,0.0482,0.0954,0.0629,123.943,audio_features,2kRFrWaLWiKq48YYVdGcm8,spotify:track:2kRFrWaLWiKq48YYVdGcm8,https://api.spotify.com/v1/tracks/2kRFrWaLWiKq48YYVdGcm8,https://api.spotify.com/v1/audio-analysis/2kRFrWaLWiKq48YYVdGcm8,251427,5
147,Radiohead,Kid A,spotify:album:6GjwtEZcfenmOf6l18N7T7,Kid A,2000-10-02,0.63,0.428,5,-15.52,1,0.0358,0.262,0.852,0.278,0.159,112.923,audio_features,3QDahKSqLwYJYQRbILdzS6,spotify:track:3QDahKSqLwYJYQRbILdzS6,https://api.spotify.com/v1/tracks/3QDahKSqLwYJYQRbILdzS6,https://api.spotify.com/v1/audio-analysis/3QDahKSqLwYJYQRbILdzS6,284507,4
148,Radiohead,Kid A,spotify:album:6GjwtEZcfenmOf6l18N7T7,The National Anthem,2000-10-02,0.488,0.754,2,-8.552,1,0.0378,0.00237,0.851,0.224,0.388,91.517,audio_features,4Wgj6jzoI2gYlumXdYAB8U,spotify:track:4Wgj6jzoI2gYlumXdYAB8U,https://api.spotify.com/v1/tracks/4Wgj6jzoI2gYlumXdYAB8U,https://api.spotify.com/v1/audio-analysis/4Wgj6jzoI2gYlumXdYAB8U,351693,4
149,Radiohead,Kid A,spotify:album:6GjwtEZcfenmOf6l18N7T7,How to Disappear Completely,2000-10-02,0.167,0.302,6,-11.644,0,0.0345,0.316,0.797,0.11,0.19,102.026,audio_features,2rtGaCAeYtmcIvuZsvgTf6,spotify:track:2rtGaCAeYtmcIvuZsvgTf6,https://api.spotify.com/v1/tracks/2rtGaCAeYtmcIvuZsvgTf6,https://api.spotify.com/v1/audio-analysis/2rtGaCAeYtmcIvuZsvgTf6,356333,4
150,Radiohead,Kid A,spotify:album:6GjwtEZcfenmOf6l18N7T7,Treefingers,2000-10-02,0.165,0.146,6,-21.357,1,0.0362,0.827,0.887,0.109,0.0577,134.508,audio_features,4LrfsgQ5AGouvH3PlxW2PC,spotify:track:4LrfsgQ5AGouvH3PlxW2PC,https://api.spotify.com/v1/tracks/4LrfsgQ5AGouvH3PlxW2PC,https://api.spotify.com/v1/audio-analysis/4LrfsgQ5AGouvH3PlxW2PC,222600,3
151,Radiohead,Kid A,spotify:album:6GjwtEZcfenmOf6l18N7T7,Optimistic,2000-10-02,0.402,0.757,7,-9.931,0,0.0371,0.0496,0.846,0.305,0.573,157.96,audio_features,1FoUsSi9BCTlNt2Vd7V8XA,spotify:track:1FoUsSi9BCTlNt2Vd7V8XA,https://api.spotify.com/v1/tracks/1FoUsSi9BCTlNt2Vd7V8XA,https://api.spotify.com/v1/audio-analysis/1FoUsSi9BCTlNt2Vd7V8XA,315973,4
152,Radiohead,Kid A,spotify:album:6GjwtEZcfenmOf6l18N7T7,In Limbo,2000-10-02,0.366,0.635,0,-10.544,1,0.032,0.675,0.819,0.135,0.509,88.949,audio_features,0xivCtzVVrdeq32s8EnOO6,spotify:track:0xivCtzVVrdeq32s8EnOO6,https://api.spotify.com/v1/tracks/0xivCtzVVrdeq32s8EnOO6,https://api.spotify.com/v1/audio-analysis/0xivCtzVVrdeq32s8EnOO6,211000,4
153,Radiohead,Kid A,spotify:album:6GjwtEZcfenmOf6l18N7T7,Idioteque,2000-10-02,0.615,0.931,3,-7.8,1,0.273,0.0352,2.23e-05,0.0915,0.525,137.544,audio_features,1W5XugQJGhnSATMI5n002M,spotify:track:1W5XugQJGhnSATMI5n002M,https://api.spotify.com/v1/tracks/1W5XugQJGhnSATMI5n002M,https://api.spotify.com/v1/audio-analysis/1W5XugQJGhnSATMI5n002M,309093,3
154,Radiohead,Kid A,spotify:album:6GjwtEZcfenmOf6l18N7T7,Morning Bell,2000-10-02,0.646,0.462,2,-12.124,1,0.0319,0.719,0.291,0.34,0.392,142.133,audio_features,4h37RgtBg9iynN3BIL5lFU,spotify:track:4h37RgtBg9iynN3BIL5lFU,https://api.spotify.com/v1/tracks/4h37RgtBg9iynN3BIL5lFU,https://api.spotify.com/v1/audio-analysis/4h37RgtBg9iynN3BIL5lFU,275800,5
155,Radiohead,Kid A,spotify:album:6GjwtEZcfenmOf6l18N7T7,Motion Picture Soundtrack,2000-10-02,0.112,0.13,7,-16.128,1,0.0347,0.921,0.706,0.13,0.0427,90.835,audio_features,4SrRrB27n7fiRkQcPoKfpk,spotify:track:4SrRrB27n7fiRkQcPoKfpk,https://api.spotify.com/v1/tracks/4SrRrB27n7fiRkQcPoKfpk,https://api.spotify.com/v1/audio-analysis/4SrRrB27n7fiRkQcPoKfpk,200483,4
156,Radiohead,Kid A,spotify:album:6GjwtEZcfenmOf6l18N7T7,Untitled,2000-10-02,0.369,0.225,7,-16.341,1,0.0654,0.992,0.813,0.106,0.0769,64.655,audio_features,4aeCuOowYXJXrMZsVHZbfF,spotify:track:4aeCuOowYXJXrMZsVHZbfF,https://api.spotify.com/v1/tracks/4aeCuOowYXJXrMZsVHZbfF,https://api.spotify.com/v1/audio-analysis/4aeCuOowYXJXrMZsVHZbfF,52695,3
157,Radiohead,OK Computer,spotify:album:6dVIqQ8qmQ5GBnJ9shOYGE,Airbag,1997-05-28,0.305,0.872,2,-7.313,1,0.0503,0.00786,0.8,0.261,0.648,167.959,audio_features,7c378mlmubSu7NGkLFa4sN,spotify:track:7c378mlmubSu7NGkLFa4sN,https://api.spotify.com/v1/tracks/7c378mlmubSu7NGkLFa4sN,https://api.spotify.com/v1/audio-analysis/7c378mlmubSu7NGkLFa4sN,287880,4
158,Radiohead,OK Computer,spotify:album:6dVIqQ8qmQ5GBnJ9shOYGE,Paranoid Android,1997-05-28,0.251,0.848,5,-6.501,1,0.0579,0.0377,0.00591,0.0545,0.207,163.709,audio_features,6LgJvl0Xdtc73RJ1mmpotq,spotify:track:6LgJvl0Xdtc73RJ1mmpotq,https://api.spotify.com/v1/tracks/6LgJvl0Xdtc73RJ1mmpotq,https://api.spotify.com/v1/audio-analysis/6LgJvl0Xdtc73RJ1mmpotq,387213,4
159,Radiohead,OK Computer,spotify:album:6dVIqQ8qmQ5GBnJ9shOYGE,Subterranean Homesick Alien,1997-05-28,0.312,0.595,0,-8.919,1,0.0298,0.0484,0.00139,0.103,0.337,150.502,audio_features,2CVV8PtUYYsux8XOzWkCP0,spotify:track:2CVV8PtUYYsux8XOzWkCP0,https://api.spotify.com/v1/tracks/2CVV8PtUYYsux8XOzWkCP0,https://api.spotify.com/v1/audio-analysis/2CVV8PtUYYsux8XOzWkCP0,267693,3
160,Radiohead,OK Computer,spotify:album:6dVIqQ8qmQ5GBnJ9shOYGE,Exit Music (For A Film),1997-05-28,0.293,0.276,4,-11.357,0,0.0349,0.224,0.122,0.167,0.195,121.603,audio_features,0z1o5L7HJx562xZSATcIpY,spotify:track:0z1o5L7HJx562xZSATcIpY,https://api.spotify.com/v1/tracks/0z1o5L7HJx562xZSATcIpY,https://api.spotify.com/v1/audio-analysis/0z1o5L7HJx562xZSATcIpY,267187,4
161,Radiohead,OK Computer,spotify:album:6dVIqQ8qmQ5GBnJ9shOYGE,Let Down,1997-05-28,0.351,0.676,9,-9.017,1,0.0313,0.000121,0.113,0.18,0.143,102.46,audio_features,2fuYa3Lx06QQJAm0MjztKr,spotify:track:2fuYa3Lx06QQJAm0MjztKr,https://api.spotify.com/v1/tracks/2fuYa3Lx06QQJAm0MjztKr,https://api.spotify.com/v1/audio-analysis/2fuYa3Lx06QQJAm0MjztKr,299560,4
162,Radiohead,OK Computer,spotify:album:6dVIqQ8qmQ5GBnJ9shOYGE,Karma Police,1997-05-28,0.36,0.501,7,-9.129,1,0.0258,0.0638,9.32e-05,0.172,0.324,74.807,audio_features,63OQupATfueTdZMWTxW03A,spotify:track:63OQupATfueTdZMWTxW03A,https://api.spotify.com/v1/tracks/63OQupATfueTdZMWTxW03A,https://api.spotify.com/v1/audio-analysis/63OQupATfueTdZMWTxW03A,264067,4
163,Radiohead,OK Computer,spotify:album:6dVIqQ8qmQ5GBnJ9shOYGE,Fitter Happier,1997-05-28,0.432,0.391,9,-14.99,1,0.242,0.813,0.00363,0.155,0.744,123.538,audio_features,6wnmRxEbwUK7WLyUtiRuT7,spotify:track:6wnmRxEbwUK7WLyUtiRuT7,https://api.spotify.com/v1/tracks/6wnmRxEbwUK7WLyUtiRuT7,https://api.spotify.com/v1/audio-analysis/6wnmRxEbwUK7WLyUtiRuT7,117333,4
164,Radiohead,OK Computer,spotify:album:6dVIqQ8qmQ5GBnJ9shOYGE,Electioneering,1997-05-28,0.201,0.888,9,-5.491,0,0.0707,0.00267,0.0981,0.291,0.329,78.977,audio_features,0gTRROuntlrPQ64W3J2Etv,spotify:track:0gTRROuntlrPQ64W3J2Etv,https://api.spotify.com/v1/tracks/0gTRROuntlrPQ64W3J2Etv,https://api.spotify.com/v1/audio-analysis/0gTRROuntlrPQ64W3J2Etv,230627,4
165,Radiohead,OK Computer,spotify:album:6dVIqQ8qmQ5GBnJ9shOYGE,Climbing Up the Walls,1997-05-28,0.243,0.656,11,-7.475,0,0.041,0.0979,0.141,0.195,0.221,77.712,audio_features,2PDQReEXBViVwkrbQ34vd7,spotify:track:2PDQReEXBViVwkrbQ34vd7,https://api.spotify.com/v1/tracks/2PDQReEXBViVwkrbQ34vd7,https://api.spotify.com/v1/audio-analysis/2PDQReEXBViVwkrbQ34vd7,285200,4
166,Radiohead,OK Computer,spotify:album:6dVIqQ8qmQ5GBnJ9shOYGE,No Surprises,1997-05-28,0.255,0.393,5,-10.654,1,0.0278,0.0577,0.00361,0.113,0.118,76.426,audio_features,10nyNJ6zNy2YVYLrcwLccB,spotify:track:10nyNJ6zNy2YVYLrcwLccB,https://api.spotify.com/v1/tracks/10nyNJ6zNy2YVYLrcwLccB,https://api.spotify.com/v1/audio-analysis/10nyNJ6zNy2YVYLrcwLccB,229120,4
167,Radiohead,OK Computer,spotify:album:6dVIqQ8qmQ5GBnJ9shOYGE,Lucky,1997-05-28,0.213,0.4,11,-9.813,0,0.0324,0.053,0.612,0.111,0.195,133.369,audio_features,14xj58ZexBaEaHARb11Cqs,spotify:track:14xj58ZexBaEaHARb11Cqs,https://api.spotify.com/v1/tracks/14xj58ZexBaEaHARb11Cqs,https://api.spotify.com/v1/audio-analysis/14xj58ZexBaEaHARb11Cqs,258813,4
168,Radiohead,OK Computer,spotify:album:6dVIqQ8qmQ5GBnJ9shOYGE,The Tourist,1997-05-28,0.241,0.295,4,-8.57,1,0.0318,0.223,0.0319,0.11,0.0398,114.347,audio_features,1UuaWKypSkIHxFZD03zw4m,spotify:track:1UuaWKypSkIHxFZD03zw4m,https://api.spotify.com/v1/tracks/1UuaWKypSkIHxFZD03zw4m,https://api.spotify.com/v1/audio-analysis/1UuaWKypSkIHxFZD03zw4m,326533,5
169,Radiohead,The Bends,spotify:album:35UJLpClj5EDrhpNIi4DFg,Planet Telex,1995-03-13,0.429,0.881,9,-8.013,0,0.107,0.0213,0.688,0.607,0.258,148.963,audio_features,37JISltgxizbDAyNEEqkTY,spotify:track:37JISltgxizbDAyNEEqkTY,https://api.spotify.com/v1/tracks/37JISltgxizbDAyNEEqkTY,https://api.spotify.com/v1/audio-analysis/37JISltgxizbDAyNEEqkTY,259200,3
170,Radiohead,The Bends,spotify:album:35UJLpClj5EDrhpNIi4DFg,The Bends,1995-03-13,0.23,0.755,7,-8.065,1,0.0658,0.0115,0.141,0.363,0.312,91.608,audio_features,7oDFvnqXkXuiZa1sACXobj,spotify:track:7oDFvnqXkXuiZa1sACXobj,https://api.spotify.com/v1/tracks/7oDFvnqXkXuiZa1sACXobj,https://api.spotify.com/v1/audio-analysis/7oDFvnqXkXuiZa1sACXobj,246200,4
171,Radiohead,The Bends,spotify:album:35UJLpClj5EDrhpNIi4DFg,High and Dry,1995-03-13,0.419,0.383,4,-11.782,1,0.0256,0.0724,0.0176,0.0896,0.35,87.568,audio_features,2a1iMaoWQ5MnvLFBDv4qkf,spotify:track:2a1iMaoWQ5MnvLFBDv4qkf,https://api.spotify.com/v1/tracks/2a1iMaoWQ5MnvLFBDv4qkf,https://api.spotify.com/v1/audio-analysis/2a1iMaoWQ5MnvLFBDv4qkf,257480,4
172,Radiohead,The Bends,spotify:album:35UJLpClj5EDrhpNIi4DFg,Fake Plastic Trees,1995-03-13,0.463,0.229,2,-12.592,1,0.0297,0.167,0.0997,0.202,0.135,73.543,audio_features,73CKjW3vsUXRpy3NnX4H7F,spotify:track:73CKjW3vsUXRpy3NnX4H7F,https://api.spotify.com/v1/tracks/73CKjW3vsUXRpy3NnX4H7F,https://api.spotify.com/v1/audio-analysis/73CKjW3vsUXRpy3NnX4H7F,290707,4
173,Radiohead,The Bends,spotify:album:35UJLpClj5EDrhpNIi4DFg,Bones,1995-03-13,0.336,0.705,2,-8.284,1,0.0519,0.00154,0.606,0.168,0.419,101.473,audio_features,76RAlQcfuQknnQFruYDj6Q,spotify:track:76RAlQcfuQknnQFruYDj6Q,https://api.spotify.com/v1/tracks/76RAlQcfuQknnQFruYDj6Q,https://api.spotify.com/v1/audio-analysis/76RAlQcfuQknnQFruYDj6Q,189000,4
174,Radiohead,The Bends,spotify:album:35UJLpClj5EDrhpNIi4DFg,(Nice Dream),1995-03-13,0.263,0.566,9,-11.075,1,0.0344,0.163,0.261,0.225,0.375,172.851,audio_features,1tZcw7GtIqviL32bzaKdSo,spotify:track:1tZcw7GtIqviL32bzaKdSo,https://api.spotify.com/v1/tracks/1tZcw7GtIqviL32bzaKdSo,https://api.spotify.com/v1/audio-analysis/1tZcw7GtIqviL32bzaKdSo,233227,3
175,Radiohead,The Bends,spotify:album:35UJLpClj5EDrhpNIi4DFg,Just,1995-03-13,0.291,0.767,7,-6.913,0,0.0862,0.000401,0.012,0.0763,0.359,175.702,audio_features,1dyTcli07c77mtQK3ahUZR,spotify:track:1dyTcli07c77mtQK3ahUZR,https://api.spotify.com/v1/tracks/1dyTcli07c77mtQK3ahUZR,https://api.spotify.com/v1/audio-analysis/1dyTcli07c77mtQK3ahUZR,234800,4
176,Radiohead,The Bends,spotify:album:35UJLpClj5EDrhpNIi4DFg,My Iron Lung,1995-03-13,0.242,0.859,0,-8.41,1,0.0663,0.0565,0.114,0.38,0.672,96.917,audio_features,0jyikFM0Umv0KlnrOEKtTG,spotify:track:0jyikFM0Umv0KlnrOEKtTG,https://api.spotify.com/v1/tracks/0jyikFM0Umv0KlnrOEKtTG,https://api.spotify.com/v1/audio-analysis/0jyikFM0Umv0KlnrOEKtTG,276427,4
177,Radiohead,The Bends,spotify:album:35UJLpClj5EDrhpNIi4DFg,Bullet Proof ... I Wish I Was,1995-03-13,0.45,0.359,7,-13.559,1,0.0289,0.776,0.676,0.0753,0.0776,80.915,audio_features,5XuU9htN358NTMCcqRvfDV,spotify:track:5XuU9htN358NTMCcqRvfDV,https://api.spotify.com/v1/tracks/5XuU9htN358NTMCcqRvfDV,https://api.spotify.com/v1/audio-analysis/5XuU9htN358NTMCcqRvfDV,208733,4
178,Radiohead,The Bends,spotify:album:35UJLpClj5EDrhpNIi4DFg,Black Star,1995-03-13,0.289,0.555,7,-7.434,1,0.0402,0.00312,0.0496,0.27,0.306,158.671,audio_features,6UO72VSXEONxdfLyABihs9,spotify:track:6UO72VSXEONxdfLyABihs9,https://api.spotify.com/v1/tracks/6UO72VSXEONxdfLyABihs9,https://api.spotify.com/v1/audio-analysis/6UO72VSXEONxdfLyABihs9,247040,4
179,Radiohead,The Bends,spotify:album:35UJLpClj5EDrhpNIi4DFg,Sulk,1995-03-13,0.105,0.635,7,-7.4,1,0.0455,0.00403,0.24,0.106,0.671,191.805,audio_features,1elQc2QcyuBkI8FUIbNvcy,spotify:track:1elQc2QcyuBkI8FUIbNvcy,https://api.spotify.com/v1/tracks/1elQc2QcyuBkI8FUIbNvcy,https://api.spotify.com/v1/audio-analysis/1elQc2QcyuBkI8FUIbNvcy,222960,3
180,Radiohead,The Bends,spotify:album:35UJLpClj5EDrhpNIi4DFg,Street Spirit (Fade Out),1995-03-13,0.488,0.454,4,-11.544,0,0.0304,0.317,0.694,0.179,0.131,138.076,audio_features,2QwObYJWyJTiozvs0RI7CF,spotify:track:2QwObYJWyJTiozvs0RI7CF,https://api.spotify.com/v1/tracks/2QwObYJWyJTiozvs0RI7CF,https://api.spotify.com/v1/audio-analysis/2QwObYJWyJTiozvs0RI7CF,253853,4
181,Radiohead,Pablo Honey,spotify:album:3gBVdu4a1MMJVMy6vwPEb8,You,1993-02-22,0.222,0.707,9,-12.012,1,0.0578,0.000945,0.00684,0.109,0.298,112.663,audio_features,5KZ0qobWEFl892YjIC02SE,spotify:track:5KZ0qobWEFl892YjIC02SE,https://api.spotify.com/v1/tracks/5KZ0qobWEFl892YjIC02SE,https://api.spotify.com/v1/audio-analysis/5KZ0qobWEFl892YjIC02SE,208667,3
182,Radiohead,Pablo Honey,spotify:album:3gBVdu4a1MMJVMy6vwPEb8,Creep,1993-02-22,0.515,0.43,7,-9.935,1,0.0372,0.0097,0.000133,0.129,0.104,91.844,audio_features,70LcF31zb1H0PyJoS1Sx1r,spotify:track:70LcF31zb1H0PyJoS1Sx1r,https://api.spotify.com/v1/tracks/70LcF31zb1H0PyJoS1Sx1r,https://api.spotify.com/v1/audio-analysis/70LcF31zb1H0PyJoS1Sx1r,238640,4
183,Radiohead,Pablo Honey,spotify:album:3gBVdu4a1MMJVMy6vwPEb8,How Do You?,1993-02-22,0.185,0.964,9,-8.316,1,0.084,0.000659,0.879,0.107,0.238,147.351,audio_features,5qsgK2wcodYCEbgbdCpYOG,spotify:track:5qsgK2wcodYCEbgbdCpYOG,https://api.spotify.com/v1/tracks/5qsgK2wcodYCEbgbdCpYOG,https://api.spotify.com/v1/audio-analysis/5qsgK2wcodYCEbgbdCpYOG,132173,4
184,Radiohead,Pablo Honey,spotify:album:3gBVdu4a1MMJVMy6vwPEb8,Stop Whispering,1993-02-22,0.212,0.696,2,-10.059,1,0.0472,0.000849,0.0165,0.129,0.298,122.35,audio_features,3CbAW3GjkBKfErt4LLbSzr,spotify:track:3CbAW3GjkBKfErt4LLbSzr,https://api.spotify.com/v1/tracks/3CbAW3GjkBKfErt4LLbSzr,https://api.spotify.com/v1/audio-analysis/3CbAW3GjkBKfErt4LLbSzr,325627,4
185,Radiohead,Pablo Honey,spotify:album:3gBVdu4a1MMJVMy6vwPEb8,Thinking About You,1993-02-22,0.365,0.37,7,-14.134,1,0.0331,0.705,7.71e-06,0.0883,0.42,103.442,audio_features,46tfxn5lP7Qsbz7NHsj9iu,spotify:track:46tfxn5lP7Qsbz7NHsj9iu,https://api.spotify.com/v1/tracks/46tfxn5lP7Qsbz7NHsj9iu,https://api.spotify.com/v1/audio-analysis/46tfxn5lP7Qsbz7NHsj9iu,161533,4
186,Radiohead,Pablo Honey,spotify:album:3gBVdu4a1MMJVMy6vwPEb8,Anyone Can Play Guitar,1993-02-22,0.293,0.812,4,-10.772,0,0.0546,0.000101,0.000756,0.332,0.555,150.743,audio_features,23oUaizFBFVFI5PxJrkiO5,spotify:track:23oUaizFBFVFI5PxJrkiO5,https://api.spotify.com/v1/tracks/23oUaizFBFVFI5PxJrkiO5,https://api.spotify.com/v1/audio-analysis/23oUaizFBFVFI5PxJrkiO5,217800,4
187,Radiohead,Pablo Honey,spotify:album:3gBVdu4a1MMJVMy6vwPEb8,Ripcord,1993-02-22,0.255,0.906,2,-10.436,1,0.0548,1.98e-05,0.358,0.322,0.256,137.951,audio_features,2wOvYLilnDJfuPXGHGFAWZ,spotify:track:2wOvYLilnDJfuPXGHGFAWZ,https://api.spotify.com/v1/tracks/2wOvYLilnDJfuPXGHGFAWZ,https://api.spotify.com/v1/audio-analysis/2wOvYLilnDJfuPXGHGFAWZ,189733,4
188,Radiohead,Pablo Honey,spotify:album:3gBVdu4a1MMJVMy6vwPEb8,Vegetable,1993-02-22,0.382,0.717,6,-8.868,1,0.0339,0.00281,0.569,0.187,0.419,105.82,audio_features,6HbWoyinLdXPZmk6xONuKw,spotify:track:6HbWoyinLdXPZmk6xONuKw,https://api.spotify.com/v1/tracks/6HbWoyinLdXPZmk6xONuKw,https://api.spotify.com/v1/audio-analysis/6HbWoyinLdXPZmk6xONuKw,192667,4
189,Radiohead,Pablo Honey,spotify:album:3gBVdu4a1MMJVMy6vwPEb8,Prove Yourself,1993-02-22,0.25,0.62,0,-10.915,1,0.0611,0.000849,0.0848,0.175,0.319,114.097,audio_features,0GDuL9TCO41PgsrKWBSGlm,spotify:track:0GDuL9TCO41PgsrKWBSGlm,https://api.spotify.com/v1/tracks/0GDuL9TCO41PgsrKWBSGlm,https://api.spotify.com/v1/audio-analysis/0GDuL9TCO41PgsrKWBSGlm,145373,4
190,Radiohead,Pablo Honey,spotify:album:3gBVdu4a1MMJVMy6vwPEb8,I Can't,1993-02-22,0.27,0.825,7,-10.256,1,0.0607,0.00985,0.308,0.118,0.273,106.147,audio_features,13nQ70PnhDnTkYqCmdg3sy,spotify:track:13nQ70PnhDnTkYqCmdg3sy,https://api.spotify.com/v1/tracks/13nQ70PnhDnTkYqCmdg3sy,https://api.spotify.com/v1/audio-analysis/13nQ70PnhDnTkYqCmdg3sy,253093,4
191,Radiohead,Pablo Honey,spotify:album:3gBVdu4a1MMJVMy6vwPEb8,Lurgee,1993-02-22,0.42,0.548,0,-12.298,1,0.0268,0.000135,0.399,0.111,0.409,101.888,audio_features,30C1FoJzEhNUILsxghioGz,spotify:track:30C1FoJzEhNUILsxghioGz,https://api.spotify.com/v1/tracks/30C1FoJzEhNUILsxghioGz,https://api.spotify.com/v1/audio-analysis/30C1FoJzEhNUILsxghioGz,187867,4
192,Radiohead,Pablo Honey,spotify:album:3gBVdu4a1MMJVMy6vwPEb8,Blow Out,1993-02-22,0.271,0.719,11,-10.739,0,0.0553,0.000469,0.386,0.24,0.275,141.537,audio_features,5XpcTQlNnfIQbiWE4hvYo7,spotify:track:5XpcTQlNnfIQbiWE4hvYo7,https://api.spotify.com/v1/tracks/5XpcTQlNnfIQbiWE4hvYo7,https://api.spotify.com/v1/audio-analysis/5XpcTQlNnfIQbiWE4hvYo7,282067,4
